{"file_hashes":[{"block_hashes":["JJCd+2yhWK31u/gOydprRPGi/2baU3gHzIkL6xLF1SY=","b4mknPcHSNB+BUTNEsh3/nOMn077RcMQZpy6TejAxdY="],"block_size":4096,"path":"_locales/iw/messages.json"},{"block_hashes":["kiuTjwS6eQ7Hi6Sj3G075ZSTDQ2WOwiFvbocjdb2lJQ=","082z4gyK7lHqzR38Nb8Kmcl4dWW0jwuTcIHvTFDcd7M=","5Ln5fsHW38tBTAj4NSV9eBUIe4jlss+MHrzo+F4s1Mg=","reNU7FLcTnYl9jAhllCqXdkX13/rs0JiPM4sTkuX/dU=","2h9zVTXozm+udoiz0JUSQmXu/kOZDCuHuBtw9tsiEGg=","9AME4wDh37Fd51Qzkz0ASGAbDVf6ThwtKxlNBPcwo6A=","SrKnqPxYFvAMm/smCcZ9/Eri2XlRlh56bw9lcY0JvL4=","Fp7KZ94dJB7/uDWZiwobQ+pbu+Er0soTjiC3k8F7uDA=","CkpX7fVMALa3cOu4uaTn8Js9qX7tLVhRJL4mwQuxfZo=","iTdGT++robp4hadKttVELflFzu3mV+QMvcNF1qmKN2I=","h6QNw9gzfNtUclzY0++pr8sqK7rbBzevSv0viEDGyy0=","DgLin74NqjXKJ7eIwtBTyk7qpObybkWfmmkyYrRwMPY=","MPxv5gUh14tKYia0up7bAFvpwOWcOMJZ1mFai9HgFGY=","o1dPsZi1UBfYHpokEenvTvri0VZ3VcLLnDE+5CO4xfg=","m4beIbN5hkKarzZ+NKczauvK0jNiLwhbVBmEHhDebDs=","yPrcpFb3fc18PBBrvv26oirwZ1nfZ5QvoBLEw1LaPfw=","S0eKOmo+oUSJl304E2MG6miE2qHN+qdMDOsFWzl4hRM=","6WHevCAj63jGIqdxxfZ51Tw31bD8ruxt9VFjgL4vlsw=","FhS/suyuwdq3clj/S3QFG5wtp0eGHqFuB97HXOBIBNM=","3pvwu6VyD6RSQ0wPKmot7NXJkXmV72+MAe0hWHEleVo=","1+CUlZCK52CNudiwrgBaCZ+SCr/mBsDJtxDaZHjg98k=","6iBA0L/qqWoD+7XDw3IKZXpmK/ZaKMb3eKy2SBFk/Qg=","Pe7X+0D7OOqyXJCGSVvQo1nSlZIo7iMsEr6w79wAOGo=","oaaJ98o3OjHxzDh/AlhCIWDqo2y1XzCaGX/CIZ6/gVE=","W7yumux8C6KoCNsx9cqavpTruf4C/awlqh71AQHbsy8=","S9CmWFgwJutHSbRN/sYolebimfN8v8lbHHJt9vBmaPI=","0ZHx8JoLj/WOwOO1H0nDdhnXkfy0zJPeVzvyg8/5rQM=","4o7avbF0WpRPHMqaNlh7mw7Tx/yZKIT5Eg+A9KFjKbU=","1W/BhxXVj2LY3JQF5YxG7eBw4Heh8uMUnyfemps2cec=","U1qg+DdhuOhX1I0N1nVKqGRqDJ7hEtV0dfFYTHir0R4=","coC1Vf6uNUzr+O0B9ZgQk1QNWCxy9j73qFt9vpDtyYE=","N3IALj+mQWLZS6rl30qaBhoVCNqYXxslmXsrsFeC0XU=","Gdl+ZmY40K+AN2k+gnzI4hK3B4KgDCgDQQ69HSpK8P4=","TMRX/SmlESkuFtf4B6U8E7xdXV9q4CVVP4ni/NaHeTY=","rtQNGo/W6ITlCp6r2mEjV3/ODHDwSzRzdsuxgeXibcc=","I7IrzTVv6zlFCjsfIuPcvOYj4cQLM5fveDB6zNUUhC4=","YWZxwmrYq6vsrwUz3Ah5wXeR3BjkKbu/NV8jZZTOQWs=","Ku9P+ZDUUhfqRJz9FNv7/okixpGF0wlkHpHSHhFuw8c=","UkBv3B7Cq6Zwm8yR5wy4b1QlsFaVrMnPudZBT3YwSA8=","5B7/q6b5EdH+sXiV+Qz6Mn5cQwWx9RVo2xfo45lKHyU=","vCctx0YqDGDCAiP88KZLTWvW4AwMEVq1wQEHI0uN0jA=","5pUF08xaBCFAmAQRIfs33VQz1Xg/WvYX7ZD1Q/h/I4Q=","BF0RrIKKRwKK0GdQgRgSFir9DOGzDoNuNQep519vZUc=","GOShpnOWJCmt79ugXN9JXBc0uOLwF2+PjXh5V0BVNr0=","ooDGkYj65Eh3A0/ACw0zTV6HJQdgA/AOw8ShqkwcNy4=","4nKiR37f/FMPNs/LemlF0uIvVwDOy24si2b2BYDmziY=","Gl6VZnX4qxksHWjqLrj6kjCxd0zCNMQbvJ0Eqv9XIt4=","zJldlM4PsvepD3ifZglCogUxGU2wWwooBp8zZPgTgOk=","P4hnAo7GgRMGa5n68mWs5KPtuVtNm5qEP/10M0eClNQ=","rTrFmsbUv2t9AFpv9Nt94gWYRbCjw1IzfuvBqeON/ko=","RQzXAmZOn2kZqcql63WiCI2gl+PMdNM/T1yIsmXe+qE=","gJk5Y16YDgnYdcveegB279o1D83eNDZ7s8kauoLCHe0=","kaSDkwMv5f5pbmfC5KSF1JAvZsfq6z3NHzAh+ndRaEo=","V+7THYTTCtacGAEMqb1S40rFB/BMsLzaMKYEkT+HMyc=","zNfXc6EEEw9hMuIB+IxoUjiibPejqaz3N9Wn0liY6BQ=","su4CxNSxmb6Y9AvdyXa8aSCl9HuAyvt7qNmlZlxeCq8=","FHwDp99qfag5ww+4hmDghKVcXwgqWi8FMLtk4R6NQtM=","8w06jZQNfvaK95ZrtmDLr5yWSDywff6YpY1iIAfXC6U=","2TeW8E3YGrL0bC8VFUGLhggEIF5kiTf7/+ePcScXVEc=","ePK58bFBopAPd1koSgYxudnoLbR5vcheU2vCjYC5qhE=","WmEL09QLJyKuyIm9Lw9N/YsT8j0UfKpNd3PWGO/3acU=","KvhlpLuQ+T1Edhn+iZQ9zUC1sEFIKrW+ZfEWpus/UlM=","iqxP2eaypYKwFA7edR0ij0U7WuE0rF7r979VDIXPsoc=","3NcLoQQnY6rCW9kXh7cEF/VVwpYV+AcDb7aUXgNCb0w=","7q87R/jpcerEwPdThqYnRj5w6tM8yCCFgiRyZHxyar4=","V9A+ofV1g9Rt+GK/OgaWH5bAyPKbUJ8FHGN0l2l5e4Q=","xxsIX1qTUpNX+XGKxE9T4t4AVsQMkQxIZ6j6DVRIQfY=","ZlyNeIbxsMOpPU5KeGyavsFRdqJyhDlnAqkDMpOZL64=","h3oEBF8DtEL87L4z2/luGxX6Nf8xQB/uYLc/lCnesWs=","NVbodpaFEPA+g474upmxxuI9JiJZkylU7tmem+nGsWs=","1O6X4BF5V17jS2Sb7dihq2gRMal7/ktdDi3pI833vLQ=","IUVzGVG3PJYfVrP2Bxk1vQcl1SVwJJisSzsIgnjOY/o=","18ZsqCNs50Dmx54cPFgb71/2jmerg96FQDI7AwXPrLc=","aax2RgM/3wWCUy/8gQXpuYcb2+Bsvd7j8ZwHlTpghAk=","f47tokr6C8n1EyRRGK7ioxD2FaCbKHC4Kwixadgrv8U=","fEvKJ9+UR/yQnoIRuI5l8snhBHZ9zGGQMjQABnM1dnA=","xdBVHI4+ErTAD6armTRALvVHBBdxpFpDZMcvgHAXd3g=","ZZ0HEGEPuwZy8PLeEfN8qUFydiUa7Oyjn5KvGeMnNWQ=","x79FDV+fD14CZ4CIvTr2RHrqM1arit/zEQRUlBEkJhI=","eqvan7T7L4c+CIHagt+ppWyp6oJWhHyHF7h9CbHGBs0=","Ssj7dr2bc7z6330QdPWbkXjx2Sjv9rJCq55fGtqROz0=","wqgTG/xoJbHdQDmTKfsmpk/GwmNV1rUhoWAoIdzg/iA=","NlU+shWu+r2tDzt/2t+p6v2lNbKhwNbIBY9HTjkvXOo=","DqDKm/qqcQHavwJUUeEzrUgaUvy2nSD7G2c5Ynix+dQ=","R2E0HhaebveHRXlEa70K83V60YygKtHflsUj1t+qH3s=","RPrP/8cGVzFaYIajbDhoKUck6LQTLDbQV/fpJWnaXbg=","MXFNnTLd2hLPqxCPfSS9mzxtnWv9WcyAeV4LW5B4/hU=","ZfvepLm7jX9abLaPtgLNfGnmFTY69eHyxza4f345tnU=","JhSs+gEKfgC5RxiFcq+eg8HvstsgP+3o0bmHOOSYkgo=","Cg86vXda+ZOwTRf6c9hAEYU3m//ktVdtj3ZmoY+yQWk=","isqyN0RfTw7RytiXshvQPU7lhAofIRtN9k7Jd/ioYXk=","/e4Cu0kZYVsUq5KOHTx/CMVkxnpbjyDqc69CkF+6lj4=","rTbtT+2sZF4OvnKgKSytLPfJufak2ITv3iTYgcjjiK0=","0EsluwhNGmXNuEPfeHC9CCMBEEgcRx2jxciJEjxkTE4=","T90SxcJ7cFdJ0hBbeHYZvrwmDyVbEV5GNFqB6nebnxk=","HS1e0EZYFBo7JmcTinlDGyS4L3b4gPha2dypsouhGB0=","dK0Y6SRyMSrpODIQI/sw5OzILifUdib6uVev8uVQo3Y=","PWk/SeHgXlx9q8TrLsOhxPEwiwK13SxfLneTZqr4vCY=","EPrV6vWhfX8rjJByLMfEGRWXCcMjTXB1tkXPqfhywRM=","hP+A9M4IoaOjVH7CJMdv9IuOvMI27H8zcQ9Vn5P0ivw=","Jt2hkXD33aEJLbsTipkyHqLUSqjXZGPcxeJCGC2KLIE=","yHrieK+9i/XoDTJ/uCkFm+Qi0Y9bNs4y/Mr+Pl4C/NE=","xPd2kUCz614cn4NoVsWfg0CFGNCACosjivzRd8f9fDQ=","nkUqIh5la/mBmIGTiPcARaLa62QOfk/Sdl4gTpSylM8=","YZw+4eGicm9VUBBgsv9oorOsNNxZZqqEgYjbm2+RBO8=","PYzf8xoDv2slhRtslC3lse52x++lKDl/kBtuRs1Xox4=","5tSlpzc+Iu4SaQgbu9ClY+zbC9GuvzPal1tksnnjGTk=","Rh2kP/8qQZiRdEFh45pWmH5gCrj6W7lDWQm9Rtf6khI=","DJoF5SBZJl1XMOTnOCsR5DbwpKw+7ewzSeQ+t4GokUg=","AN6UVHWQfzLQ/L0nfLsz5DgLmtYadl2JYUCK/Q459/s=","QudUzWXUSn1wSBKvaCG9DhY9tAB6QUJUByNAXC13O88=","EFdNjpNA+nApIMmD0eOtfgTdC5MixC9V8CTFxDEQIK0=","GGm0yRuQnuJKnwCh9zjhwfsBTaGSFw7FJ8mXkaaI5uY=","5mMlPodeFIELs+pw7uuroZmqTU4jHMq9SSMamTMehT4=","ervjetHqK5NZRzLeHHLsFrVBI+seTzMx6UAfvnKTmqs=","zHfIhXJu7p1Sh6S/ZH6viEMUe/7/6DKK+TFrh17vR2w=","/fgCLHpamNDR2m6RVoHZx6zWtjb9z0rBZuHLunDYfSs=","NBXHna5CUhIPD8R77fdJTELeF4hW32dYrisY7ZKB5FY=","wqE11WBemqy/ImLg9bfUqi7qTmcfaHPjrZAx0JL1Thg=","bvNpRu+beKOYb1ATPSqGhBHHUbmRohq/fbDzW/ROWwk=","Z6+pZYNFKopobozXEpDHJblzDHgigl+TXRVQBXB5NtQ=","pbBYoQ5s61UW12hbUgEIOnbXFv4x24a2dbsHsYu1EzQ=","UjKuiH2F28bbazBx/iPt5JbIzozYYVuZPxraXwkTcF8=","8eWOE+gCGODv9G1XKRdxkz/j91XjAKSLkkGccL7OkcY=","PJTHzSOjHI7RM0roaQMq6bX9s5FoYPJLfyadj0utnjY=","lY41dNTmAbAsUadyLVxjwmWcN+BExqvJu5fVlpES2j4=","VfQRpTZuSlcjpMhThXXMcZ43N3FQHTAHxggyuL8navY=","lTU7Qh2LO3WqXM5My8d5EX/mbpgrm4idPIGhreWnN3Y=","ptLcYPkiqBWBsIU2pOc2MtmN+eo6xmw6cjVgUWsYoJU=","HWP2f1f6JSj6p3m3OrbtMKYsnbnazLSeICVGD8y6oS8=","iBLvc5R4Mcq5Kfa9lf2++wPPRpWjm1VeSPB67jO5cxI=","RuXKWglMmrWh3JJXdSycduxSm6kCLQlGMSQAhxblJ48=","ZHMA25anQmAJSzyuG9eXQS1ogmQB150b62A8O4MuB/c=","Ph1r5j0Zu+tCIaqs/4em4+GOYP/7cOJ51nkWlRG9xuU=","fquYJmmX7UGBCFlg8mLBeL8sU7y0GQj8H+X2y3kOJaY=","shbgCUHoYH/vKT41wf/8L6LcrcgyXpapDuF59aosZOM=","UqiCsF6nWShcg7bB8fVDwv8kZP0Va4DhQSUQjfZZ08k=","oPsyOce4UL28MXi67XJ6GlX4f4nT7MvS/TtZy28QnAc=","KK5R/HiTU+/ZOxDSluqU3QRN6H9+Jqz+GKESz1ee784=","9kcj3o9tpCNfbRssjRn9vGjnyonJpeBUj5BinJrmfQs=","GDU8qVckAi+jFAwyAHk9cKnte85N/ZclRqe6oYn67QM=","ANGjFTFTkVdR5wLCYq5T90tC6IQSk/piYQ9opWFuwso=","MpPLESpPP3kpgLuHTM4SPbNwUIh6zEbknrbPWnaOTyU=","xxvhTPE7mfxiDebiwB8TTuBVZQZ0bnCLeGMksGsUIT4=","ui8cSZm37UmlO2P9GhImtFMIlr+99QpfwDsRq6AhHnI=","xJm5HwCwdv9GhPImmWSxgC1bmFU+93uTeMoBhv7aZZg=","G2jQDZEvVthyWMlWPT/Ow2GxkHNmzlEC8AvOEKMtzG0=","cBofgqc8RSH/yhbHFdiuqyrzqfEvJn8gztuztNofq2M=","7ufjDuc+uxmZ0OakpfhkVPca1JNZW5bm+y++dBnsSIw=","p+m5hRjCI7l6G2UZQMtPJq4245XXncIa2eaYxQalc20=","/qPqZQC+bAvJK4i4r7SgSdjv7r9YTxEYPItMKNLG3eY=","j7RtaiNmBhgD6JepKsw0AOvAMXVZFAUXzxtou647HhE=","TGEX68LG7e5Evti19qQArjySDhtv/fqgwpk09uQKEw4=","8SorHcGqgoNEf82BC/BJnJk54pzdRYOkKxojamlni00=","qwFy8k+NV2lIb+xLB4Rcl9ztxbWj2TZM5YeJPn8QqxE=","U5f2QMaUjm8nVrt2ftKTZZkjhc0tFZFtdYa2mlKCCLk=","nrd1KE938dznXuTHTH74RYaZp5QTYFt39zSsbzJjqzs=","BYJZago6XuGYQ4Ya5+CpnERk1GtxTK7soMdZcqxJ9mA=","RaAGO8MYmwNZqt5UtEBCJiB4NjpsUN/ntW862seTieU=","C4f2wp7A6dHy3NTVfMT1lL/3pFn1cpQ8zrPSGowmw7k=","yr8JH3PRebAE4exX16zd3CyrxI4dVORaZzBEz4pRU9o=","3FxGmAr/D7aTgGNQ+lBrjSj6MjgPnuVMaKaIkQpM2yU=","aUerbd/cncLvY0IMTBYKl/1SQQh0xoLiFdYuxRauEik=","3bTG4Z09PG62sXOiFf7+Ag8B2girfwxt/w/WY5Q8V24=","4lWYXlB7Jq0DahPi0ndcQuRUeoeVUsE3em4kZtE2iI0=","EcGHw/OCG23tT7iRxrxoDE4iv4dfPrsad+L9fUjLfNI=","D9VVe6uJ0u1V3qX/kKLsgvGfpym05scvy/mYDu2hmmU=","Sk5L/utiOnMM6j8GfoYzaTieIDdDymU+A67ulJ2HwAQ=","GoiVphLPxWjuf5aWW+1y9US+uNnHZjSsWyOKC4NNctQ=","SpHlduMlVpnO7EcW3U2QDcqROQa5DwRv+ZYYPblt6aQ=","M8m5wBxTIwCfESgW3Arerb+Eblt0Pr1Hdllp62ETjDE=","z+D+yLnMMcRGuvF2ZfAs2Tw7RuK3BOL/+yTnEAhhn6U=","NjIo/Wri7OxDtr4pu4ChDV1ItVPBliLodukivLP8ZbA=","KThO2L4NbCrIpVh7m2GOnQyCgnxGC5paCFYDav9pWM0=","Zq5hk3WmSi/PfgqyEtQJpDnJ88rWYqBT7x6nuvjIT4k=","rw46LOJ4cgeKh34x7c0cVSO/0cl2t+cPOBHRNBKubCQ=","nSqxfKuDQeEauf0MJF+BJG3LrM5Ii0Fa0/swIzYkOVc=","pi8tjGGRFB7U9ruwnbH7uePan0UbmUfz3cDfHNIT1Xs=","8Pzo1EFnezH3/oXh3/+VvWMWSlPUYMeaUlGkUtuSJ1M=","kg/l2sT188loYiYm2d8tmCoadnh7bPCW2YyBPWbx9xc=","L0iXUKu16ECaC6TLTNSKIBOUkaRSo2txSIFqrZM1+kU=","4RmC/LwGdBtKLaTHwOFPm3ALIl+LG4FbKVw9CP8qm84=","mUi8imqWZvMFrOTWgknz+Sfqc209wrKAgCw0yfMK/y4=","h568E8/vEHg9rMatj6IF0SjelRhhEzwu0aciysqVx9k=","Di0Znn30ZQShnC5MFQNPDrHvln3OHBGEhdkwHeU0Su0=","VSXp5yl7lJxTDhFcjGgLe6VtYZrB9h6GssaUcBCktrE=","FOipVitEdeFduRbMeK3Hi2DAiinIZTa6kZpmTz1uLwU=","6NOOaHm7yYyo4wvBRoJrSXJT/OMajFV5KduC1PCMdbo=","yqtCyumua/xhfHep2vcMC9AxIPl3hWOMp20HuvVmNFo=","CNajgOagQRtSvTkksmExEO987cCPF7ocQVtwAmXhpxE=","Fn5bbaJGkZwtRaWY+zxkyEOvzRHBfvRvaePeYyOTpfw=","EqgcnNRGykc/PlRUY2/ZYQOYB9WqqHJqR39YyvzeCz8=","XdnAuUWsjWUVqqZh/8GNSy/hNob2KERqqiImp2PuL7A=","sx2acOY49kMPP/fr4jOzmBzCtYpBS6xWKh8diMteUgQ=","Vg/jEAdxZPKRwW1R2tqfIpbRcJPVLD+BV81WVPBZlPs=","sc5XgkRcHsA5G6nq/ePpWcLyF1DIDGruVMUXSRLvmTE=","qMjC8jJV00t83Om5I/iUpShU5KbY4xySZ5kjNGTx+3g=","+NdIWZH/l1GDO/KR7Il3AZ+ZUvUz7zpT42B+swKvVbE=","bsmLacGB4MLu0YmTc/XJPsj6iFDE5iommdrQ0Akokfc=","0jARx/IpGpPMSjbBMFPjTqArWs8g7TnsRHUpoEFoKSY=","acsopY5QnkiF8MWcpsa3xmNLCcWbaMfj8HckQFC+1Vc=","anwFu5W6XUPX8cpaLu3sq/NJwoWtF3GBSH7TwoC5xeQ=","HbOgLSsLHkFmYab9k6tts0wfbFp5eYGlqpZkBPH6B9o=","pY0wZAUrvAyIHgKjI0K6M8aJuuR7lHDgf7nIOHvhcc8=","QxxHMuQ+eknE/U3B28cU7s30Vt1E8XOnvn7AKeNnMR4=","ikzvspRn9aagXyBNJ8MnNCnBPZHQkNx+UIxrpEisiLU=","/Z2ShAG4dqmkU8pajJhzWqWJNilOtTfjvGSo4P16RcU=","XsBVH0WuTYXla6DUZ5f3tPe/PgIiSB/Q3hAGQ6uQ8u4=","tSDky4BNroWw+X7N8r6KK5rFnwWrajihND/oxX2P7xs=","Xj1q1lXDlFne0FimhEs2T5NYL6/9NX/BWyevi8ZDnuk=","/6nMKNqIpgeleW4OFZHz7i7HRdMpFvm8YUDPIATqIn8=","thZhWAY9btAvXz+lq2yaUW5Sle6VAOuzgAG/5NbsSdM=","rhnxGhvwF9IVk0MPdjWed8fyhaTRaMGuGtiOOlRyUsg=","W0TCNlXrAn06INFN3jID2pwEwRGllSDxPnB2krqcuNg=","Crbf6Q4a48snry6qjnyyyuBNtqQqGkP9SaMNLY7NcSI=","9VoGrxyL3e7J16S16byJJF2/XfGoAnUXNqONGPaqp0k=","LYPxsZus9Gltt6Ofckx56QXjiDWRP7Ija9tm/uKk/lw=","eZUi+NTMxIrFw+shj8WagA2k+MPkabsWE0gQYU0mVN0=","Fhe2X4udchKzW1aVIaJDLiKN8okAmkmGhsIn47NNsDQ=","g0ffsOS65tgG2NniTTZamXN3jRg5N2mqjadooX0sICU=","5s0QLlyWEM2zsWnOUWWwWU+JjG2FGYtNuCHtwIdUzFM=","f7U/n3ylFokHBMiMoKTYtc7amvShJBwFGUnDTz31QR4=","cnhu4TZnUSrGpYPs2uNIueVFRgwi9DDIlla9NEVzE8Q=","KutV2Kz/pcm+fM5VPJvR+v1pm+iTSH0VykahvCMid6c=","OXluVrrW7gbe6rUSWwbpVFzn+dOP+KeZEG/qg1V438s=","H3oZmktyYDHmPIcEBbyklCQdp25BGVnbozAmhse+EBM=","j2Uo2/K2pbztzOjpvcNwiVKNifjzMs1qAOzcgm+xlQg=","MgvYY/L44b/MolEjMzGSW9x5W7zsdGpmwIV/RaURnQE=","dWsT/FST9l7Tt2CjSHuzk7KBN1gN81DjMN4TByjmvfE=","4EmEApPqLv5ToZpB2Lm9Gq/HQbIDng5qMyFPR0pN0V4=","TCAeRQFIc+UKifz1DuI0slavT0U2zYCTtaxdXc+7YEI=","njdwDLvguxK82AKOVflnFsRTJocxY2+FA0LtUD688yQ=","xXXWx3ZKU7pIzF1jdGPYbI5UNjK6s0X6oFFgAuWKZts=","KZyEBMeoRJ5IamTqRs+fbjkLDbaNhj7EowJllZBBPqk=","fvvT6YGiDCVPeZDHUm1tIU8ENgZBauyjpD82MCmUTcQ=","YcCcXyAFAeiSfzf2hGdkChyhDzhQJdiizO4FYvxmpfQ=","NJ45hCAMlK9qtwIba3c7tFNm3lEFcIO+t0gB7aBJRzo=","xHEm69Z/i+dvy3bG6QYTdKkh7iY8xEYPsQIC1vVLfrE=","NY3jrrm6aPBP9hhkSuU8uKRuez2F+d/lcjDQoLu31U4=","bZa6itVnzUpqouwcZXOYy4HA9u5nGrWafzGUKxUYCNM=","cX2k5+OTsLEz/Bc5u/djCf7ZydVNqmzFxnG5pHYk0Qs=","T0EVz8Pa+gwerXnodvYhw8n+hz1OtqgN6Yi1oO+taI4=","xfHHilaaRg/3vRRHqubbyplF7T5DZlHyEd8el6K7XvA=","epd4y6Thbw9xvAXOr1fI1lvcbBUBHoZMXAcxHiWKFJk=","EXzLLStYuHfSEyRKIIcEz7+dS6HucyhZqzHSH92s9Ho=","5Mfj/gXJMT8nmYYbDMucRCyEzNzrgtETpstXX2DUXMY=","h1xkCZ0cH/0yS9XfI2sImS3xQkQ28VMjkTKigAEL2Ks=","UaZ2t6d3h+2nqOFxFjE9XPybzbqj9pzAkqnFoiUxf40=","mM4qMhBdMLEGcanH0jTBfYaShrIT2qDsdvi7B+MRbT0=","tf8ziZZDqY2Jz3W6ltklhhi5PydwYWurb5GigLsd7tM=","0hsY6ZWqqlQTGi9cJ91DIfg886XeYnznGLC+/SMFImM=","aQjtqIFe72r7rnx3XkofdT7P5b0DnAmzwQ8c/uhIUHg=","blqEWx8wzTo3lmMykgOKulTieCnBhY3kQqF9NJQNtcU=","NiEHJJO9at9OIbGBozMRo0MIM3+jf1BGM4NznYq2Ogc=","uBh2txVmHPG1ZsTURuYMaHM/j4WZ+/mV/XWmSdgx4E0=","u//ryIvkXYlmzZR7s3lAvwyoDfgQgrKuyl4IHvjXuag=","/Telb2t3yFn2ssjKC6JricPsSgATaNGk3ms94qKh5oM=","Uavekvw+il56Px9LyMoKfZLq2Wmt6m0IgNZOx0Ouyww=","C7iMtmi1rq/w7Ap9O+e5Qn6CL6KbSu9aqCaH1ikl2Vc=","NrmnXizzCQvY4yXVxW/c4t5LUN6PnZvDphSATclMYYw=","iSrc8DSQmKyOSwethbDpehFaUv2IsSDcVgGirpj3CYE=","y9keWPzoyVHZ1ijtzf5KGKGdnc25V9SX7mbE/hAPZt0=","zOUquuKJnk1OitvfCmzY6eZzSIw/f2aTF7GvH/Ov89E=","QKtAb2c/NA3yo1nCZUO6k36T39uVwT1yVBS7Jfea7xg=","C1Q0Guo2gvIuM3eRaik7DuN3i1DeiLkYbs+3Nw5zKHg=","o7daFofHIwLI7AXEbPTBpbrf4+2GHomhf72c9rTbdzs=","iHUeC+wtYDNhuTKXOk1LCY7OcqnRBgG3K9JJ/CXgcRI=","sa9tludoa9GvNkX81o9pvEaY+Pf4cqPRRKfElW0pliI=","FUE4FQ49yZ6dNEgbNioMAkh02hGtonkybtGdqujqAsE=","WN/uYbZ2Q10BjadC7pArJ9iptI2XbGr1kRIveeVh0ZU=","Mu0H+pzjGY1BPnABVwP4gu7Z9tZxgqwSmCVwpuiQkbE=","R37Xprs1ebjCeNr5LBsChS0RiHEXC7XhH9Dv+ZqLtNs=","ahosW9TnTadWqLUzK5C+Wh4qhfJHs2RQ+DV5RMlZ29U=","i4NusEHaPbPX/Y7fVTmzJUXFM0gYew3ZVyiCJEWifkE=","+H7xR9geHDM0v0LPv77HpPIGLDb4qEPpFOvxIU9r/+c=","dRNZCg56qCVLT11OasgXpirwKbQ+Jo+m+Gj1vvyixL8=","xki0T/61V3NCMHdEq9TsL+ZUz4RAlhxF56/8Qahfh40=","thiTzHz1i2XqPTrs2fQqyKeL88DIhAyOIUsmW2f8kBw=","yygS7mrwE7lL4qrva/jPwB9DcBRFRpyXxiJ1pnFVtdw=","vXj+ILKdXT/TUUGP5SVTIfEaGjiiEFlRrxn98ZQVJ+g=","BUvqi6/KrMZCBItzSyjssoGsW9bBMUBvKXp2277EnlM=","bDvJbFaSfsEn4/UHvaw1j+ZGjgLBWtxeZZVn0WcZHIo=","40sjvg89sgYxjZmFhV5FkRDuLUznEudJOetsnPn7lh8=","ijLdSkj+0xKZV4g0gNBKahFR6LLTzn0xLgIrFzTOKr0=","Ixz4Bx/vkznkPASTY7A7i75g9oMxhNGfiWHkFi04gHA=","V7F+KL2/EjzxWa6nwY5Niak+S0zU9GmhknSSJ1svMIc=","Yk/9T5Zk1FEAmzeZFAyMq5VzL1qUrkcVtCU7YcCj6l0=","SUCCVW3rxQapwWz29hx4/FaTLzCGUSaPYM1bnW/SqcE=","9PElYewUhekRjZ+K76sLqxjvTk4Cq08zH1JdFIijeUM=","end8pTzyKe7FfHtRa5G4/nzDlg090AtTKO6/nXgkDec=","T8E/RsXRaGiPjnEm89FclvICJfy2xm5x01WdVQy3DNA=","XdE6UBrz6wTyMrrtW4Teof1hBGe6im47I57acfFa+xQ=","4Q4kaNsdeudpsxtXkjsr5Ks3SBOEfWu0O2XV3NJlTeQ=","P9cFUibgIdOsGfNjQQJRF6caZFDE1K+N+08k8LGbpFU=","734YyEsz6vWd2MANVqN/KuG2t7imNXUTNGltWZMHuGY=","7IpX9T5qlaDFwXtKoo+HiAaxKeX3brSqFdAFTjC2wFI=","Y0CeCc1G/X+qElJF0f8z5oFB3mfCtHpyvMNlZMaIhdM=","0cuKoeTQVrpi6sfXTcQdvcgHlu9Rl6vW+xGNkp5Fj1Q=","aoHuM76pPb5CHzsL9LixK5aDJAnH4clgiS84hAR5gdg=","8CPFOU/BCigjCE4N89PtKoIw06VaNDlITJQQAmgrN0w=","R16Z8N9coRV8lChXC1TevvXNrKHZuPo+wB3AD+O+jN0=","6de24Arp78Ha0W5TawzGTsMIYEqM1wuBluztdKM7ah0=","7WZrzSUCE4Jtv3Edhz2I37NyiXuHipVo3UczL9eRBdg=","P6DWscmBKvrKRbKjniHJT+sbpvX8HcHq7JZIT20pB+8=","Axg67OxuoLoZX1vOgZ2YRu3aAPxSaWXafqrTY2QF9Ug=","j1AmYxd9VLhvAFWL2yIU8dyKjmfuTL7WXcwLl4pBV68=","yq25i/ZJ+hBK9/SyVZ6bvzJjZLqcH6NPpvooz4s5PSU=","Ih4zCghM5WyIWjs84lwSMyw1CDZ4i+a3lVx2YJuLpzk=","KEPHcPXfQ3/Kj8G13k5VbWwymZSV5mjYcHIpV3ubm8s=","4ltdxJrkpuKLDA4tFFtUguwpPw8xLRmjfkzTpsClnuo=","BC3//IYykADwbJQOwIsx1YLcyvZ+LRpls2fUbk6MitM=","Xp1QaTWLSdRxnJqwTuwinEtF7RTHt8Xdr7wuseOzdXA=","MMwP6yiqc87mgx3NiYC8ELTkxWPb5BkerXyOu2uaVrg=","x+4wRWbBAX6lgPOlb/zxGAKPyeZXi++zVbMD3oYjVCs=","xNlRufhV2iIkD8QB51HK71dUWZBCO2E4ijkD184jU1A=","UDUoAgfW/qwvYiuv8DO5B9if1gbAiAFRVod5JL1g0ZE=","RH5Iu0jqtnMzeytdyPgTRUOK3Kg//4j4/mPNouKbAxw=","tElyOGNE9xCH6gAT7LIxXSvi17y7U4siQfFIqqs3E6E=","b7QzT+LknJ1YBSDW1c6SfvFJXQnp9choERaEXYQggcE=","epQeGVfE25fTCY0Q8FzFoM5n/PBRhm9RHCi9gtPFwK0=","Uhy+fP6SwJU7h9+Dw3pOD5cT8AQ1fgmBmLXbx7WEugw=","qVh88VFxf57oZIQZf2blT6jalh9vFy3blksUM5XEDbw=","THJVgoUzaiqPxO7YYaMJ+Ar5nJhgDH7SVvG7hjsIffc=","W3jCA4SJLBcK5MVXSLm3blMrelez7sV6leWcs6IZzC8=","lpsju165y0u1SUnXBBdovKlxrlNUhOiXy8ft1SA79pU=","oX+6GvsdcL4ZfjZ2svWwaU+JHQdrv6KpCD3tb49gUpU=","wsbP59BqgsS/cX5DbGYUmAd36UclANxFDdTlYaB1YVc=","0YgMkDHBaemr9ZkPQbPMVYPD9Y1X5Dk0ejADl7pjor4=","wfzPAxcHbYDNEOMiGzSIlnz/WWaOx1IiJ49CWlw2zEM=","0bftgd38rYQ32eMGKkrLYN92S4z5+0nQPBISTNjb/pg=","sJo2mHWshyHBrKj3A+MoEkuT50d+PvocyXOjWuV57Kg=","TA4zwnTCfKzQKUy2nVVvWc/qCSfqHXstJ+XZDgRa8oc=","7h3XqFv/ff5b5nVWL0hxbgJhc+WaYxTlc2hqmQeVTIo=","pkCPXBIvcqC/3XS/EiS9oVUL6riCowzmbZix70F1w+A=","TRsyiT0LW6sPZxyQmFquoTAg0ZB+8r9LWHMExFPhBdM=","keVaMFFOO6jLq5ElsoyzDDY+UOq4IbmSAn8kgU0yEms=","G2UO1gQ96bQxz5lAAHIk2rali+vfsWgfZ80i7bmxwx0=","EqTagXwelei00hfErHvt+oJZuM/jnHQUus8PYjSTSJs=","2IgKFOwbbf3K+BU1AbzXnAJcp97+n3nqdFfGFtxJcO4=","0DydhL4KOYAHw3i2ea238O8EEeVSnHp8h4hv6977rUE=","u/F/mLffhfTjzGKP24xPujrbJlYMVxv7lxva3e7LY08=","Takx+l7LLDWEfk82JYO7gq8PGKH8rijDK8UvW7gtSoo=","s6qnG9FTXeQs/UqhTIK7cZfZ9TSZKumBoknolYpEf7E=","51NB4+YJaCmbRN1banMIBjEyCsVN2fcS88yjlUPd1F8=","CENU6s7omXDnWFOpkMnvARqowVSHZwvPVkj+ujsC/Bc=","H/UyCQz/UMCPNBq3c80P9fA365hSsBAqLMoRjg5aprY=","KIRKHm9yApN4YwTA7E//ko705wZE68TWAS4xPoP/pps=","8Uf5DqpxJ+8rdnEMPfWx5AwpSeLpk3Y42ZxUkwCDOG4=","ccYXmEoDQ46jxi6rKOUt8dE4r8/32ezpTsvpmWzJioY=","7LI3HdRoOfZ3RRl4igt7G685vCw55rIezno32oxRniQ=","l0oTu48ffNzPDZSsJv7L6BrQrmfgkUDObkxELvLWQ+o=","/qEdupPjXaVwAgHpnelzMbS7nD93lNZpeN2TaExH60I=","HRgbQpzV4AKQ0RouLBsbnYXOy0nxc8EkyQHsOv80EGc=","2KA8nGhuNx5l+NIlB6YwfftGfp+AyWUPxV7g/1TQ3oQ=","9B2KpGl25IEysdg6yE4uH71PWlYBq578KNzAdc2qT2E=","LL1UpMmLAGmazsknmcRNFL/eeK5kTlM3p3aC+ov6Mog=","DsPFNIcsuRi10QCJI1dtldb7lMXR5K9FZLbABj775rM=","XzAFCqWX2t/Fm53vPS8wgluHp2fIeY5CQOsUeMMnYzo=","mTEqPQIyXjfmuSNPH5fYKTHbn7HI+s17ZbyIZ7giSHI=","bgXrvRFCWNQntl3MxIL/ZxKpwvh9VaL51W5fU6TMt20=","h0QXc9EgiFLdIEOJxJN1scrncUbJRewztQ/VbbdeEZM=","nbUy8M2CEl0IHZ1RQLw5YhgDyQZj5giNiKERtccUj+Q=","M2dZZJ8UXmRDpxDVRvpZygknumSlD9urZ27L1+gUgK4=","m0N06UJTcwYczk7D2/q4AmlIjqvEmkRztkFz0HnKNY4=","cmmmlHoMInpUGArBnTPYo717Zp/GumMeiEXnQOsk5Wo=","QTkoZfFUtMMnQAXIdUnRrAkmIgXbHUq2bfvJL660zgg=","UUzZOBU1pt4O79x1ctCEKaCBn5mWS99aoGZ6WYFmhXc=","HfTW+/rMQxOyXCsI0odxcq1inog75uhCYFJ/oOeQNVQ=","1pCv+fClCqXMrq0gBso72li0yoQLh963v9CMF20rPmw=","4Tzf2j6lqMulfh+MPdQRGGYNGOjOUUWiIzeihqnl+iU=","2lrtlLn3I5Shwiq9YMpEN2jf+1hxIrttn7lckx+MP/Y=","SxXD/nzlNziFg6kCoqSq7erhahPsX8taT94kYroWhKk=","L4Oaxm0lkeV1ABp/QXKafRIrVlgxZ9RcJLPRoeMAQks=","Tw2+P8YxGCMsDT8eMrCGsC9YYtzqzoir6v22NQ25ntE=","Nyjch5p7Bj+cZ4MBadoBUbT/IClzA2i8jjcJxzyipsE=","sG2DREPrXcfml219c8yPpB1vENaGHijXvcqOHsYVfyA=","Gr5YevXfD0pqV8534mLANMJGeObHgLCrUbbEWaWXlJs=","6hj0pYvw8UlH0pMmBsymhcLiHyywdAPBn3t8EekY1KY=","Eu/sLT0AypvTykGgg/gICbTq2wXlIHMB2T4yrY4Tsok=","F6hd3HZFyyN+OpVazxTUhpQweCgcUdY0yQpcRow9Quc=","8WjX2555zL90UGxYhHUE0Dhaz0v4l/R7tR33MbmMYtM=","FZwUb+y4IC9g87WWhI31WOf1IM76VWjm1nWfYRLsJgU=","y8+h22BCZ0rUgN5rTzq39+nec7wMs8wQxToGaGRQ1jc=","oKy93iHcVQhcW8ILrvQKT9uHpmw7I+Uq/2ybfMDDOT4=","yvek4nwfmTP4bMckZasJG9UhqoHVi+Ublj3w+nhQkR0=","i/Y7ZgkPkUCVBDkvmpk6fjBjOEnp54ybmYn8bEFj8DY=","37GL/GXf65Eka352cewa0Tv+e7NFKB4Zu+mvQpd5LDs=","fYcMQleXDYIaS7PGW5BvuSsC1Ru8WOdpNGkQ0xsZfPI=","61Yn0MMsfuuhQ71jYH7dqwP56U6r+rLy3z/UKZDguKs=","o3VMyX0OLgZ1QPtKYaalvQtwmqft2jDdrcTvJ1Wfavc=","ysxFRAp/812hKUfDTIkxZPzu9ZrqXegEMlftwgh5d34=","8rKsb/E+QdlBtlt7A3g/mkKJsM3GhXRZ0+J7YfdmGTY=","TCorqwIMmq/Nsso5LhAdg4K3Sl0ZXoHo26EbjCAJW24=","XWAwmuThjNP0MZuTI4tJ1hbU73eiiC4nq9ai11R3cZM=","0lMx9Besf5Gq5lgWVsvzmC9SHTT9EQEe9EjXxO4A6Q4=","zObaOisk0XR6taBR/Fio3s+YXNX3Xtd+0Dp/ymSLwrI=","CWaXQ1Don9Pk/aiLF+8+h7X6kOOtIJ1J3dbFh0cFwI0=","CizD+u9BqSrdm8m9qGlHyeJkIEAWJccnLN3vfDpze8A=","aEu/+cqZ446+nGNWjrBnd9Ev96nfRAWMHBgIUPY7Pbk=","8fmP6DgrWbGjFUS4R9GhjWkGb84Zyqg9l1PyLiL0Xlk=","AYIycLJ0jr9e9XUYmbSaFfrXbgPqvw3CcYdKMfi0thE=","S7QxXOvby7EZTNqWelDZF0j/0+eXWUU8axZRixpzLvA=","zf1Pap6eehy5Tz7+XrRG6fYZfESMQy8a4Trj3ZZdV24=","2GWa1l6UMhiMNX5Lm9Yi5iYeV4yJQXnGI8vd+GWrimE=","+zM5FQS4DksughRp5ECThsYJMiIqLnxUT38KV2a2+qM=","J7wF9sFXJB7eijdSghDaJvPXsSUK7GG51SRhGwNS14U=","ojexeY5DNTs01PZIuS5iNso+5uKOF+aOIWuWLIzr2UI=","EytyzHFQj1wdLBRZNiHcDPOwRvzidNYfr+nZKpO7WQw=","WWFgwm6eyR3FvFyk56Mqe7gkZukfg7KVOaGHJZ4Pk6U=","3lWthUgxkGb8qEH8iznWyBxa5wQu8y6Ljmfe+/vWffU=","VtcoItf+kN5ZAX1XWo5iNJoeE25pDdry1sbITC0OQuQ=","/sBGa2djStpXxyCd5Ax7vum9WdEXe96n/i/Ci4ioO0A=","K9Tf4cBwWIWv46PRwBiJI/WDxDvsyOBvtmNU41KYozE=","3t/C9Sk0i2fvNrs5TrSx/4G4X/F9HGgiAB4sekcmDv8=","ypOWILOs5WzD0fXWsc3GFBV3LMDFC5Kb/fezTqi2c5g=","Av/m1lyqDs5cmTZrpAS6102h9B2iV6hr6L3bvpeQ4ig=","K5O50wSZF8xRlDatHxzR5rlTF/t6KLmyDT5kGChZR+4=","wnlijC0ms0IcSRDO6ufFo5mZPaQ8zfrwcEDL1/v7W/o=","/vR5c371lbcAnOwzpbJJtn4mb+AkNuISVlkE4naYlx0=","C6+No4JaP14RN1FalmdV/T8yh0ofCF+otalliaPKgCU=","/osjj+GSTx7gyQwuKLnPvFhhUkmgBKkBiVF5gjE9auY=","6OR0c387IQlml+uWwnUz5hSonXTzjFJS68hh9p2VwyI=","Jjsfwx2YQ9Sr7jOhm7Z+tinTyLKhlZhgWD4K4ljXCNo=","wsG9wxrScICJbO9NF+vxxh/8j3j1ssYwwPKL2zD7r9c=","dlpFNa903bgtzy3gfx78Yp1rehK1HvIZJy/SOhTqF98=","ue4IDDcsttpteUSz64iIlzsfj6WIfsxjDs1WrIzz1L4=","myWKhGsrPZtG66zlo2yGWu9/hR/amBKICDx75qc7gWg=","ArFd5ADvB0uYC7dK7jzRCpBAarumhrFNMuRPPdRCvhk=","bZ2pEL/fF6ToLU2amvf1Xytyi3X/REjQ2KBl2GaTVak=","k21TxkrK0AyjR45D1ZKU+Rv2UAHed3weaq7NP0nJ7iE=","qz7KxoFF7jf/BC3vvZ+SGVT+iiqq7BqdpXnx0+jEnDY=","JPyk+5Ibdjvx90iTgy3gCOvEqfS+vUD6RWQujRBIPyU=","jTQ17sAl61V/avCh2u0exQ8Dq0qX8FDdd+wQs/GKQlE=","5rsirnvdzBvITVGaCd6CyQP6KxOtazc8e6Xqet7T3p4=","Jh6xckit9vCzULZZ/8kNA6JHY1QRgDmn9Khf/az6CqI=","bnUtb6LpIxslNH6lpjNw5lZj8W3V/xXhbiBQ75pe0og=","P8/bnxtu+yiSbU6ILdh1r47wZ5jVcXHmWKgfTWNfvJI=","QFw0LEsdCNYYR4sH1zxhI2a4UILzRVbh/e8ZCIu2QAg=","z1SNM6Mbkmn260chNHaat3McIh/7FyYFXIZLwTDJ4TM=","S1FPFiFo8nb9lOtXV2DW/pHNfyR8XywR7pGsAcu1aqk=","qResuXTqE3i67MJtjivOpYBJvSvw7fM4Pc9A4fZjGHI=","rGQqcrmTMa7LNhFPqoI4W8Z0xJwlEgz6enI2H+UoIYI=","ag4NdD+nAIS8gqjPDDbwKJhvf3a9Mgv+8FP3FkwVL/w=","WTNQy0xjMw5MGpQ9Z2VvxieIgYLeNdxlAPnOn6VISpY=","vqlZSQD82WeEinV+qlF0WhvCFPfvZT90tGXYSkLRjR4=","l+NVfWCCbAot00jXRGg8VTjT+iH/d27SySdzdB2iy2Y=","iag/0kpE//IrekfvaGA9o87JlQ/QhWyDJwa3bs43Ezk=","A+tla+iWVjrvCjLV9F3EG/O3GvVaoxoZRl4N9svYTXw=","fbf8uM7fNjpfXGTvrCOtwA/dD6P1l0ZnJRNbQJ+Hgks=","sZyJS3T0cNViJ6ecMdD9B9gczr5e2qrEHQt/VWp4dys=","E1Xmp/kTyIUBvLi7pStk8MQctM8hiba7aBFg9ETn0GA=","qfzEYLPiGvhizonTkFX6uuX/w/TIKtLlzRA904yav3I=","2TjMbH4r7WOk+S3HzSWhzycmITheawwUjfuVIRY7PLk=","T4JIZ9oJoNRhfswpMZWP0C2CgTn1b4ew4vXwcdbiaEU=","GQ92pQQlbcAxTX76OHrNCyBVSU2u8vRAlglkUvjlMew=","PjhauWLrnbpfa0BPIlDHpdGBDrbAhrFZHKnu1l7zKOQ=","5aYUvMiKpZChn4pngI7y7bizNLKmDc8Yp9SK7bRgIlI=","GjpLpcVEudE+Ou2EXdvAXOOkiQx8JwY17iiDGjnihQg=","/3yxZlBn/jocBXCtvzZH869zDrRozk5wsTvi+xHyJzI=","u1DTIXkMMA7A1gBqCWMaVT8776Kt/NkpZWcVgxSLY2I=","cQvqhvVu2rfVmgfAsg+BhdMv03ybVnLuNwEaIUpyFgw=","owZkykfIElyjSJXsMu7sWeeCR60UT1CI+zT7wpHjk8Q=","4cxCHwqE/ecK47kY/tKVKqvKPETJiozRpjAtJAMw2Pw=","vWXODf//s4yTe5P5yVk9EvMUSHiPyZd4oX1FLwNV97Q=","YaWnMV6GRxeQGOxclyLVUfEUGRb3N2bjgaheyImSroU=","eBBe4W2nJI8Yb4fSmWnWMpKfC8f3cEDTUohy5hzxZEo=","lVAH+7WBh+vCIegA+MRAYD71NvsTxzpL769j0A3auRU=","EcdXGB+hOueV+jOB89Sa+DkVc08mN4FWjekZAx8Yxjk=","w+le8TY4g9fEFt8u1YDPhhGbr0FOqZL92cGYiMAzpPY=","s0rO3kubWxnv/g2AB/yPnRBKctBgZWLP4JlN2lOAC8k=","CbNzyDI42sLlbcOQ5zFH6VFiqEOEW1VemPeKrfp2lsw=","g6oEwlG7Jama/2MCO+FMZCetSs24NRkSEq6M6BdQrsg=","+xwGCF4iAlnpw0sTXbVTVLXI1d4I+59gkDve/pohJtA=","1KLhN4JZxEcbMZbColssFNQpenVZQc+YZTab3a6mLO4=","KcMf0SpCe5cJ+ZvduEeyOU9nNalXa/ZosdQGrizfDUw=","M4fTsQatYTWjQz+sji770Puda5ZDgd8o7XTI/b/9pc8=","XbB/qb6Z6zaKBA4ROfahPybGm53M5JPNtjqgSwX8w9U=","hVjY91vbxG6bnPl+xTaflT3U8N/avbYCoRYcARgE+Zk=","fkNG8TCOZPBciA2nNDy62KNp35/FTkrGQPbqL8sewTc=","GCDniM+TBa0ewNfTDY8GQz7cuY8LKWb1Sb9ukrv++Tg=","kF7Tcfeb6qFfjUvqULjLUQHs8FlleQrTXFWoX+XfmHc=","wSUI5uvfASIoioftfXhh6216WCXsgkTWV41HefPz814=","L/76/e/l7HHXUN7Wnf44pHiCR0Gj37daQ5o7BexHY1E=","Fnez5vfXpAm6aZO3bs0fHARZx/Q3G95XCAMES3HxCfU=","xsbeexLkwGXcX/JT6Ig56fcln0g4VQN2ZYRR0eczU4k=","vdRR5BZiSMr1unOqvIrMXoD5/qP+tUwMABJzZXM089Q=","lI0sK8Gb4TceLWP/eDFLC4XTEDESHcYSd/RRe5/VSoo=","BqmI9mvsSOOU4V3GjwmdphQLy+sBMkv3nSZ3vGYloqA=","Sl3MLm8GcC0Xz3O+jzT1sNJdLR9Vo+0o/7Er+kMN9PA=","OR0N+1jK1xudM5OWfaTHGm9XD9Kzq1jJEopG5xpBhE4=","koEHdpWmSwjUXf3fvqiDZDircko2/XB2BCK193dlxR4=","uJfSsPQXsktWommh+CB1JQL78KK83jyWNws2DIWTeks=","aAZoFhfqUdUIVJwJkwq9YlDnBNttUUooGdnRgJvpSG8=","r2oAxycFi2Ltw419fsucC3Xxsy7IJA3LpWa3Zjb+vO0=","Jbv2+LZz+59U/enxclP9UIZR1EYJpJriaa7wMuI6AEI=","eqCRnzy++f9TP8IMDpBucwje4YsawcMJLBd3OOAWDFk=","QcfzSnU2+rTze3Qu0djoVo2SrfpnTI6/8b8ZGyLVLFg=","/2jk6fc3k1j21GVistFPhxsk+s5skTR1gC6MlKsEqIE=","u2zFB2fQrL5/6Qclw0RUvb1SCbHraYowGwQpmMkfq+4=","3ghgFO8Ew8Suuk4ma14DuSrkakfe/xlAL9SHuffeVLo=","WgdNzb7lwES+igdLK6737xMnhmm3NoQZmYiAwVdjXVI=","gEp6IV9soLA59l+qcaYUZ7ezk8ZHEKMDetsbv8h8HbA=","8afJLg2GgAyYanT6AQACvosnoXUfZtEpT6iJmxoaawA=","jLjy8Xpfu1n/FUhotSYftQCz7rYKUNMlVKonKsTvmAc=","COswGY0VyqF8RKAb8RvckaBIir+kyR3WTO2klxRwTkk=","IaQuRUTbZWbsnEPMct1yD5stvoL/ky0R6CAMHFb92oo=","DNWrIkMv4/sfN2JNKxaXq6S9gyM2BBQXudcdmFPBRGk=","QXkBwnwhn3alw/VrGGUcQ+xOwz9HFJXP39ydajWSSc4=","OPkMcoHHMIleIOhSZ9rdHMSSXgZW53mmug2hvs5uLkE=","uPWSCFExEpea9FxjComPP1QCKYcCkUkB2HzsBWVfzCo=","56VBoFylKfJMsPMfLQ8x4loYC3tY46Lvct1OGLOqmrA=","GBCAqGoRc5FBJjeob2NJCeSmpb9E2AkdUgBYxt1TozA=","5CyC/AD1C0tUJ7WUQWYB9UCJyK+HfB12F7yiiNfmfmA=","UhttqKzmHtLGo6h69HNJSKkVmI1QBgtuW8ZYRVh48PM=","RpuXbLGQtEI8Tk3VG9tNVj/ZKf9oc0W3Zo/dGwyiDvA=","t5JoWx0eFp44110QLyxtihWZnPQ9X+O48Q7r777169w=","yQ6gU6iaBqh42ANjBrh3tmAMoC+zM/7XEJCEzdistpk=","xacid+6CLg4h/VYz7RXKiXNMqb3m+OADel78dwVQMNc=","Z1ewCBeV6QUCeO3RaDYgVq4Nxa85QaJqbq9JqFO3oEk=","XDZF5ZzRd6aM1mQlXS5ZFS+1FlgwE0+T2meLX6uCJCA=","6nsSnHlJmhaSABz7759SsQu/bgo7jXTERfxmRyvoWJE=","ZyJYm27If8FI4AZf0G1TlMNNwgU3aC3meWqM+PZzCPk=","PDEU8zUHdGeZUWM9aEAJtCO4045fcw2U2ohBrsfcpT4=","QuWel00idH9zwJi2UwEB7o7Rr4U5AeAP+odyqXzFZS4=","30DPy6GgAjcxjhmYrX7vXii/1suK6ndXNnmSgOdKjlI=","Qd6wsKYaymurI5jNa8kP/wTZEZ8f0oAmv+gqNEyAhss=","2tfKTDN7Xra1HsG2UxRbVzb0T5M80Qja/FR24C81+jo=","EpvOBLA2TZnqHpBmmwbTIY5s2pyuzr34o66eaMldUJ4=","AKOCCViHxsp7RwBur4/04xHBTBkPNCeJokRoiHXcWoA=","k77RMFbJj+EvxdODtYP/4S6PlkjcRGtNi0+LyUTnvOU=","dUbkGRt0pZdOGC67OTAIw947XhvNGl7WxxsDe/Ymi5s=","XJH5m+JjZsSKvwnGHGVO1UfD0JbloB+DSuic+TAN/Cg=","62DZar22IhlWzVoFWO+Fma8Dp08PBGxmQ9IsiYnLEr8=","Tbb2swk2DZiK9ZFLhlfAGG/evUAnz/oUKw5WKtedzAc=","9YOy91kLNWgSVBqRpSS4ZEx8BnwoA8XMvuI+HNvBJYs=","64OmFheAhIwPvQq1MMFG3FU8Xi5g96uzqKaEcd00zzU=","WXTm5+NnPdhEdQoZt9oOECQ2NT+yz4aHgFwSyfuvkMU=","qIJ/1c9GHa5syrDXnOSHmoyAC1zczVlqrrnBH2uLEZ8=","YMS3YOV5HJkCOUtfoe1QVJVrs9+RwWAPqmknsB0qz5k=","5LDzOtBEP5Ib+fUkm2ENj54deBIcJvrv8XQp1tS+7Bc=","oInWcgrcJeGP/rjKhZdkuN7JXG5gycXOToUFWMBnU4k=","UfFPzvrTbNXg6oXHt7zDrhE+NirdxBu9hPUtnykwczQ=","zHQOkK67wL5yjhzvWRAn3+vgNnMbRtnQBdM5nAlxhyc=","ICLVWDYq+gXnnpxi80Zi3509pUc8PFYcmObtJNqlhvc=","DWpUZLzULGmsEdXWR5K4TLJwdsCYCjBigx1dIgQivrw=","elBi+jdq10MoJwQaFNUQPVjfch/Loataa/EAXUFLrkM=","Fyv5Dp3vYzvQB5uC9AuKDMeY+1PZF82qt68vt9wcHYs=","xXc9gYXbl5XBAaZBpiyPKrSOvFP+fnmjtSB5DH2uXx8=","LxUY4KzMz5F4tSqXnfbe8J/Z1vOgMaiCL1Dlx58SorA=","RKIAH6PzqdFLJsTFNdefZJDm/3Xhd6SLV8U5kjdgubk=","1FYH8G/VaoX4XcuoDwbgSXQiEAGckqIWRW16eW5Jngs=","9Fj2VM9HAzZe8hZuLZyq0LgQL/sxrq9fu254AUqtmsw=","8+Z4d/XPkdsIAOeqQFFCXGIIJwv9HA6H1zNtcN289Yw=","Q1jru+xTyLwtc6gnrEwQJ4l6Mmo0n3TYMjsIJxflkvg=","jXLhVzF5JsBX/sde0AvH4bsAI8LccILDjI1dsNV7ZPI=","3GJ26sTy9Zv0GnD9T0dJqt5tYDDnG5luApoZyb47+Y0=","ybfnG+XjV4EwKac+djKGUA29JcMndmbAP9X6u48nf9E=","mD7GM2oT1BPbUIaM1zAOBzHPpUmT5tKlkI5NtN35MUw=","ifltO85HQRxcaC6C93i9YjGRPm/ylURA5uEdIXETYx4="],"block_size":4096,"path":"bubble_compiled.js"},{"block_hashes":["mkRl9InZNOo4LwZ+zJPHD8+z195m4MaVTjuIWk9udQ8=","snc6DYmqDtImJvsuCd7+SXODcdbbQ3RzNOpBZP8bjRM="],"block_size":4096,"path":"bubble_gss.css"},{"block_hashes":["eHY54+gWylVJAEfGKjIODnwM385EQHuu4dCt/1fNFSI="],"block_size":4096,"path":"icons/audio.png"},{"block_hashes":["YIN503oWSkBrd+gwZqSc5sK2Dt5NTPkyOcVzWOdhYuI="],"block_size":4096,"path":"icons/new_translation.png"},{"block_hashes":["kiuTjwS6eQ7Hi6Sj3G075ZSTDQ2WOwiFvbocjdb2lJQ=","L2UDhjriHOZFAOP+UgfKA5C9hDJ9Y2WF/TyYh47y19E=","434wF+wM/+RlFVZ897v28nQiF70yHLU23Hg2UQDK0jg=","lsokSul9HPKgzWXnJF7sDcbB4IzSV2zy/kZLXDjs93E=","aENPWnanMJPhQikKHgf7MHv5TxPzZZ8fyWlqkt35Ad0=","9AME4wDh37Fd51Qzkz0ASGAbDVf6ThwtKxlNBPcwo6A=","SrKnqPxYFvAMm/smCcZ9/Eri2XlRlh56bw9lcY0JvL4=","zDxadYhxUZn2jMp+hiLEUgn4YhtmO+LMDryew7xssuI=","ogUvKCd5b3ToRZRGWftVg/nJd5IMjUU4ujqrBHrg2cU=","N8deq3N2heHWMHK0ce7JTb5c3IxavONodwJa7pH3JYo=","1zXfBbateD2s8NnM2ZPxt/1SGSROaWh3mzdzVdAEH+8=","bza72rG1Iv6dSLPdrzb0/8UjusR+ra7xjNTiYH/gKpM=","KzpMtSM1ziLwDe3Lo3f+RT49fztQAtg81u+160HdwVE=","2TrgErRPRvDzLaQwy5khcxKB0lfyu5upzGjpENRal2A=","2QPeP2huxyACwVcZtgz3nZk2t8dPQoFGUiGXAMMJ89I=","NOt5h/g2kN1QtJyXstSUTQcrJCeIOLpE4pkC9xls/FQ=","bEOnjJldNfK+fKOWBwZZRAnqvXjruPPcec/0LpEt/FQ=","y8Ep5qtZzkGXaSFEJote5WX8SK/hpGqoaa/3EXWLYU0=","yNBVlx5cM+eTSK7s3yGd4vZuDQDrUUr+Hvekvay2Qmo=","+a2qKOnf9tlsuZ1gBum2RGJBAwfnh5tJNwqoGc10XOg=","wwAPbsVpJVwKeG+KU63OS97vOJCxNwwYmHLA9nXYFJ8=","I8Lw+WVbkE7OSMA5FOuXKQM9bWnWmND72evPNmXcaRM=","8QRdMwxQSmInCuf7ayYRsXAjKd6JFsoQOf8B+Yb4+hw=","WKEQQlrTZUethNLpYyQ6QgdIE3GAwC/K8OTuOtAJKWY=","oq38hPlInRk6c++4mlrCjkGT6IWADzYBRgg7+DQhhdM=","1qRdaqZeDMHHwzSJ2pYMNveVqS0KStSiejE4hMIxPS8=","4OGVl0AzKo+bHDKFJqLPczxGCVoa0xSHxpmNPr84KRw=","GZckLpfaJbYeEvTyGNaIyKW2CccPbjsBTaG8frV7vzo=","Or7RMv9EXKgMa6ymfTdn5x/Bu70AZsO8PWFZx+9M8PM=","rnZxqZQLWGwXlHfLZxwyE5Ntm5cCeEi7bGYSRIq8BI4=","FYrJKHSaFxSmnXYjCbtyHsO9a7bzbgun6cKkkFsk0hQ=","qoNNFGgeBdKgBFPPsXd9pGwFiUGskRJI2ZCaTjSSxKA=","WEwodKu1kf1WJSUYxXHUgaL2ZoSFpRJDNRQ3EBysmFQ=","jBeeZbCdaC1dbxfOI+Aj1zTwq6WZSxc0c6J2SU/a+Eo=","D1+e9jS+p8yVRgWKTrr0ci0EIxAWsGreTPISbLBv8Tg=","vaRn5AG24OrwXTTMxDGXcGkfwYKGWuZUu+SRi/9jCxs=","Y9PpX+d5FfqIZW9xQPw2wbOFJzpQrrK7PAj331+iKPE=","jNZrRYpoZrKcnl5gmtsQNfZ/H3Is7B0wp8rlmDw/gas=","x9oYEFZQ6qGzSaKjj7nwylC4RhKxLC3nUJR5CDcppmw=","iZqQhj8vNRXTbFvRLT75PgFnFy6HaRFPzz2DTYYCsHc=","4MOVlcCONSdYRejECaIZvNhajNkt4rfP7sVaHGrMLCM=","+u+0oPX5v6r6rvL4dM8bPoFIW5m/qIrlZ3WZZWH1n3c=","ge69r0OJmKYumCrR0u7F0tLraRIGtwj3sRS8rAITcEw=","uhhUJiIFDsqG1ZkCXuEO8BqYj/DFETwlbPGBaxzBYQc=","rlKtUq1tk6MxtLVJG+oEgmbuqls0ezvHQpfcObhTBYs=","rkmTPYywIiEN76dW3svjAvfUUK1kwpsrNNuTpv6iHUY=","RR02VF0ZP+fBdBVXwFiRw6zWa3ugleKhdfQsN/Js2W8=","uXOArkVACFohU4sPGq7HJM3fyHZX9PXZ48bQPz7cJis=","6y6E9WgAf+Fo85UdXnPc2i6CiGhtAnqMzA0Gs+TBwY8=","ZtoJHOv0H/GmFpj9TmXuW6txSnvNsDo9ct/g8dZEGqk=","jLfjc6orHD0Zh0i+g8pXQuCzMMw+TDvi5e7JDvZ8xMU=","MCjlqDyF3o/tEea7VZk7hbfozHKQdjWtc/ofkxlzteE=","LyVNaFIrBXyTskQ9y010W//hcxFwiythQKYHm9qliNw=","H3hI40XO8t8rDV1EIGN1gVJq10XdA3AZTSN2D5Cg+VY=","/LA6/Z524L/ke+v64UrzSa4d94E88HJ9Jdb0D2u+kMA=","es4cG+VcF0glBEFvcfzSCpUQKU77WiEDzTSGyAWJL9k=","qXc1ZPpRXbYaww8PiQdwh4se/jwXURSv2J+ojoGr16M=","DwoCtlbF/Z3skYRLIcAEWd0+PmKaRWtWBmhyOv/XIdw=","NjvNbbNkGe631w+VWp9GNCzGZ3ceb6GP3jqIPwf2zT8=","YGMnAFuH3QkJX3j1vQga5sWcny+8sjD8xGiMitBQCms=","jc6TPESmPhHbQ9W69CVMSGgzexoS25WoB5IPj8z8AFQ=","1JgtRkyLWKxG3AnmAUg4ZArl3HkjEuGA7OGcR+oiKco=","rWEG1lxFZF/bBKe/yafTsykE78ZvGSLB062HXJRaiHA=","Ba/ChMTYtHWsQzXmOUsNIJzASuu3iBSXlkdVZ1RYAbc=","hO0kGP1nRn+10bXKwoedPjNV0ChHQr7/cL96NBBVmQU=","M0zqZTK1U/gOgKHo1gx2775Qn5OLZDPRrVci8ciPn8c=","t5kOUvsSkcu0iLatLubKMoPdZ/W35OabEB3FuCoEUZk=","dGVNawWEP1NU6y1jtvADMwQB+wDloBIXCE5KHB/m5sU=","ADCNuhDd++7bhqa78OlmcQ1edt+cehqUcCdd1fzx7hI=","bbaaL2UR3Wzg7kpSk3+KpHBPmt3oRug3kupH098/+jw=","faYt3oSSEX9lNhgQZnTRGBoPoBD9438aCgnJygw2YNI=","PAeID6GNbREE8tOy9t1zNkwNhmVDZZOa/qcEEMO4iJ4=","OgjjGmJRKc6LxjK4dDy6iSmyLqJXAXmdZwyI3nsxCmY=","frn8UQdKiqzv6ZyFAwp1V0dS5cFB+UNJOLGi7I93UjY=","tglPU5Ht3+JubhPmhPcuCbgEjHOfTJeh6EQApGQCMN4=","Oq/30mfkWUighysxq5Y57WMG06GJu8P9F3k60Hk7lgU=","swHknkgr4sltc3ST+9ekUAA0vsvjK+K/d5nDvgTTW7E=","UgY+zUC87jolquQ4/ZyLo7L0lPYNbuwkcR2jeGyEtvw=","C1Id5W1ZCxAN96MZmduMQMio0M2uv0caDx5zS0JS2H8=","WYFmv0uK1mEQcZB24IA2DNh5lW3L2zKegf0gAQ61I+A=","nkTqLKMTlbiunydGKkNEqeUQV8xXk5e7GyXCI2VUd3U=","2k2+hZDgS0cLA6PXgveWU5NvOa1gdEI+b0SvK+upC2Q=","j8rc1xcxrKVPD+fwwb/0tuK0gxagU3Eba2ZuATqVLpY=","8H8g8W7atH/UxHosqiz/GaYq0M1E+lbvwr8TSWXBOrs=","CSRHM8ylBNoaJ+bGzyu8YhDE8Ydq16ZeLHRrBnsWDpQ=","HGE2f0658yVCTuR0bcZl3pigKzIrnR+ZyXFZZXAeU5o=","n/ttj9jXNnjxzPG2Jichr3CDyqPsrRj3k+aPCK5wGuI=","VPgCGkrDlrNUNEHWjeZB7Itx7qLuXBDgha1Zk56zfFU=","7edFPFVgJo5sMvaIHagx1Ep2cu+QiQVkCrH6NV2ctwk=","2dmPAHReww431lofk0yLZvqT6UKWwL32Jk6wOEAnzYw=","zen2ZKr7duuNq+BcYRIar+vfNRG80MBB6m9ehmE8sqE=","WVDQVWW5XWWX/oD3AjOxDq+tVuDMln42lNvXlJOQKY8=","Jz+S5eRbnwZl2Tkz1V8DoqcvnUKPpgX9tFREKupB/jA=","djJ7HmUnowuEaM33n+8s9wbVU+qQtpJ+5uePgu/a3hI=","ccqtsx88kx9V3aUSEIkNpaXEbM2CZ1UAm0Somo1gSiw=","SAmHWlLeeK/iIgr/joH3bJsGdydLC4kI+zJFjfuMMrI=","845lFPacYAhxKc/7rdiWGLmp12YtdNHHRC4LrozgHVE=","bnsircMSKgD5toGoLn2XmIJFzlwL2TTIfnhFugy1zJI=","y0F3fqsKRQ0EXyrFEl8DcQa1rej9Iu26FEyh2h8dnI0=","rjfsCw0RDqxVrnwJsjEGnhYam1eMbQJILfVTXfbWLvA=","UVbn0t3VrZQNCuqdNt4xuaVg64LZcaQTT3SrYE2nqZg=","NIqAmZGVskhBILR25gBKxFo1xXMwipxFR630eZK84/E=","4/JNl8Jo0qrTYwCfzLHDu5Jm1tsDQnLIeDeeCFD1Uss=","ysoqhtM9Cn2Yb6bFRLzgTWzHxVwrmj6uDMVJrQRInHU=","k905Sm00cTGfL12Xqv3qSjrFrcxpoHt3q2g4g0tdtkE=","saTImqhO4lZor9BGbpLgcJPIuXPxMUFicJPJCM7EMco=","f4pvZ5PfEEl/nxgNs7ESHPM0vOnD6o3q58p7dkuc2FM=","iXrJC8qAalO2psMvB2TMuefpDKtAbPzoVm23F6GONew=","ZWpVuqVH7kFM0QWBxRsdVx4nuTTrT2uCWxww9RhRSf0=","YrT+2TITNB55t0CgBZ9IA6t5FpoQGeqa5l0W0+X2KEs=","UZfwGzo9KkEKYDDTj7MrDTNgrX2zoWy2h0RD5FFglG0=","YUg6kOdDRn60EobGaTiCR0+Yb/vcPtqalkkGG6Nf9uQ=","RBGfuR1DgkTw67fGfEtKBWOGAQvbVhcdqyYoczwRcy0=","1M05OJcO0xMCuw9+b5PO8MKNqhIquphxLm7uL04Fp74=","piLvk2vW7zDoBaAphqqanUDGUegq0W6nDKf0BXDczLg=","DrZ0M/pm7/vHqoPZTF+SqM1xImO81G9P8J82c4Fjahg=","V+5inx9WhfQu4Kd/6Ej7jh7POvmjS56bQuFtPUsYsVw=","1fXx0DPi38NlkT5kHP3SS1QpNLfVzmb4Yse4nwYs8qk=","AG9wstTPa15TxXj0POwRhjoD3UP6IiKux9dl3+WPOx0=","sQEiJj7cVkb1iktDvZ+WrDhA0pKdHu4flGZMmCye7xQ=","eP/mkhgK3OBnKCslUcUmKT4Oqc/jc6Lpn8KLb9AtGRo=","bsquYeaOI68iFwJ5npeIo/a20Mbh3HZOYM8/F+XWznM=","ArVS/Mi/zqwHp9q++IIfQtXunGEekKSu//F9bR9rkVs=","/uwfjJ13l03OWqot9y+jKCigjT8sPXThjQg2SjQMv0o=","xwU8tWn+IfLYenwEP0AbgOkz0RLayX1XtQzD61pXVRk=","GpA9JV0zqH+x4IJ3jiNJJ6Pca1/3l4EvlNhpizNyltQ=","9r7iQe+0XYHdclZ6Y+1lpOUSQVSKCnWK0e/H3jJST34=","cDRAKBRw/uYzhMpeciW/tTvPY2EzdacwQ+gLT+mcYgQ=","YHzTh0jVb5KmURDbeOQ6D+sY3ftQhR1dZzxxNwovhgc=","Ysz9mQxLy/OOChTduX8Hwwx11s6Xw6IkGqLRdEf66tQ=","BrrRHX55qD9h+zb8dqYW8TmD9EfuPzOP/NEyc4m0Hms=","z/SEkwmiuH61U5hpw41oVrsJXNgqg8F8b99bTw+Np94=","NG1PZDwvEXFpZEk46yocITe/Czy3w1MDu82sqYiY2G4=","9JGfIm8amB/cyiPVfWykRUqHZH0gWrkgfefLjVmXIjQ=","xWn6M8yBErcACKgqiEFEstEcO8m2YhwqfACBYYCDQE4=","QP8IuXoKUL2tLgwB1XryF55aCgant0cnK7l8JiizD8c=","1bTcLYKMt4Sf1OrJ9+wiwfp7Q3uWEy2iWc0/7rrBwUw=","NwfM2A72v8GKt4BEkJM20VNTiJuDt0U77aI2KKYw8IY=","AuMae2APFSiJqzO3BDG2vwJkaedX/Xyajvyj1jKNs+c=","jKE90fVtjlRW+PMsXiMio2hiFxdGjsrcTwPGoEcPH0E=","yZUUIejbfMvJLC2W8odGVOUvj9DA0S+YLNQvj/T+rp4=","7SyDGsGMdna3n5149pbnbrYgP+VicZoIXVvpt27NCgY=","bzvVjjb2ohQQwola1LSPonUJMWmeVHPBtvFBju1aRA8=","mC0LAnwBWgVBt+mZX+daM5vdgJ2hORGh02yStE3Frng=","zkieoY6wh2RitnalJwpHCymQZpdDYdjkL7Qqg+PsIyU=","XwIvX4zpaW3r3mtiypHU52R7CkTv1SMh1vp8aZWJOUU=","2UQHrvmljomLFy8UGKhgHmBP7Jguvdmcty9UxbqCmU0=","fO68xCHgP+eFGnpRAV1j+M5qyPgaaGEt6Ij6CswthPI=","mxXBfwNNf/ltOFnV3Keo09s7jjIzNpQ+C9lcIJFT7tA=","IPdQZIJPtVaWKRmTluvBaF+w5l+vp2s9tLRWk01QtLk=","F53e8b9F+IzLbUvV57nlymRS2KgTyma7D/AEz3SIAB4=","9+3ILfHz5bREJchy/h+qrMFaqAKZ2GFclcZdlJrlOok=","4hFtgjFbcu/X3Mxkgnw6qMZn2k2BXO5jFkgm0EHlT2s=","tuQdY+fPNZwz5F0b7UZPbdLSBH0+7qDL7/ClVDUq/4Q=","lsC55YLdS4E2+ePqqNYxQbQqVwYb1eVl6Hg5URqLX8w=","NYWIQOCUAcBQ/nzwF0qFBAnaxET2MfWoleLRmuU7ao0=","ZHxeh5ZXoiYrvNDpywHbIDMCdwLGfzlGpu/99YDahH8=","DXNxERTgiAEGc6e/eSpaBAasqzYnLxTlPtS/jNYlKiA=","q2wEVVQtJB6RtW4fnUCyToBeaHhqX0fErmH4k38O3TY=","D9fxtzYPi1q/TAN9Wx5mOKI8CUdKBoL3spg0Eyfw77s=","m3/9zf4f2VWk4paXDiPxKftdl/L5bbpQUlKBNmZAdjk=","RygcFQ4KcEqDuJY+uQPyszOjE3zxjDVT74/kna5w1LI=","OpJnrVOR/t6ncMWc/bl/vqBrUuxjbsdKECNE7SHB6QA=","+tcrcAmUEb1IS84gTgvG4Ui/gTI10QvIgTQVp06xtOs=","hocp444mVncR4UJFBOlw5mtAFBIYqgkOpmUrrIuJiHE=","zbC2T3bNxikW6BkkK5izqXxABp10I5RdCgHrKRj5qXc=","G4GF8Yc+sGmdcuC5jdSWxyStdMyHLhoEB3yKCDQVutQ=","OJD37LJ1ZgqxjCXGlbCpjukBVqUelaeqR1l/vumVTFA=","cQ/xpN42XhtUAjzrUSV0fqvOU5SNOvM3RE9npMnWIsM=","8BuQId1HpSz3Hzj9tjdkF8Ry2tIf1L+VmSM/LaMrpKo=","MmKinrZUYoW71uktFkdamf8JTn4wDuPyEz+U+pDADuM=","Osxq//esauvIOTPdcCbsWlLFVpG91r7C9xo8UIH205I=","SC3Vtvrb+YgZlt/wK6hTVQ7LfwwsjV+FM4mnZQVr+Nw=","O3+2Z+MaVcnMOhN6+1UIuolEAbuorT7gW6ok/+sVWPI=","Fmb0f5jZWa2hgK5RsveoSwtyzl/gURbSt9lOR/0YUI8=","1QrUrAgr7vpiJii2mBvbwlFYXJiBdFHcUJXHQnsH0wo=","CsHOqhg09KmP5DctnCFycHHDiAv7ZWoCpevFJsjC710=","ExsI0wWPX22PGbewVuB40rRydqhZkAlV+COfxdabsUM=","oiu1fNF2UwQ0bvZqWmbV4BytL3VO/3UeNUIPxx0Sdmk=","fq8dqarvN35PV7TVThfE0PXAprdWPn4i2boIdnJtWDs=","rJvL92f+pZgZ7eObWcUKTrvbR6LMdgPxY9gSze0fPpI=","ElS6Z80g/QfLS8U3jaxHwQQ2lyeXx9N7qZXTL78vo2I=","wo2Cnn8tQRXDuEVsazKZhSHnRBUYRtfSt9vGLW4Vpzg=","QqJcJAXJWaZBH+fTlM14M2GyfELrGB1t4T2u+tNGT2c=","NGyK2S6RC3BCLz+fDU0N/Vv8XrY+6x5zRtRGT7zB1JI=","roGSmIkZXdLMEXe5iDXarlvlBIkBplPXCdJJ5thuzBc=","MtNzzQ1O7O/1grRhjGQBbygiCawCWalvuoWj+zwH9nk=","O07LlLo53WwfW4KTt4io8led5oyIoQeb6YtHAqQkwHw=","ZX9yXWJx1BSXkLyOtz94CvZ77felhxnDFO0Ril3YiTg=","5FZU4F7qTzoPE2h/Zr7/kvSo+TFODfqFqIGQlNszkNE=","uS3ihcgvsgRuX+oGqkMTBvjo2XnlUTOg3xf+bqo8Amo=","T8W8QWazoT8FHRARRzfJsys9qA7zcgI8wffuMhQ+vss=","Z/Gino9Jec8Bc7p43IO112DkJtco624xk0TGfWWu5U0=","s6bIGz2TfLaBPBmUZOU3AsYe8dZoi0wtiJx7rzbyYCA=","zJFkj0A/cffxU2WN5Yuyi01rFpJ5Di9iBgyjYa2fLSQ=","+TkmvbWkmFuPGAHJsYlzcZ+TZzE9LeJnYSfgB4aul28=","YCc66wS3s5IEKAbNDxmzUKBX8zs7xqQWWDoX1r6yZgc=","VSefXrcY7Z31nZ8shcWyjtMYu6yZoJTvlRvhSCT02f0=","Ioj5slLVldiRljEpYLKw0O3lTXtwkBtc5hsWYp6rsW8=","j+8MCOpnG2iFs6fvAsgf3mTibaAFxK0l+R6c30bd9WQ=","1YWSlf608Oj6a3tchZ5T3DQBs8ZNhMrxTQ8fF3AXBXc=","LEF7ee/E+ZBixoQ2LK3YUYNFVAbgDiXICSi+ABSd1sM=","elgb3ZsOyHlFNB+LarwHiHexaK6awhTWJAe2qYaJDx4=","5+6DHlSWQb88mJHEegBAh9SlztX2dy0uyhaUcw2yFiE=","DA+ewdnUMHOTOThqZiXumehtifq+0iVxG+3hgP6u5Og=","e+ISMQ6fEYlEV6VgL3C60t0yT34nKzGHmVSu7zJ6azg=","L19m51LH1oLQUP8wPv36lloyJof750z7rcnw7VzqbcM=","JirAMx1rlJWVzKREUMZVz+TVolCpAbunVjgUJ+P454Y=","RZOfFqotF0mzIAsM0LKyRNc7ama1aaCdIjniUmQlblU=","8fQ67glaVwQLZB6szRjKmTOeOTFsbNFd7lwqU4K52PA=","RynP1tkEqVw0f0BOw7nDsRcYjsXZInC99GfiGzQTjlU=","QzThDhDaTUsEjVvsXtbXLfae23MHxA9q8M20Iu7mmHU=","KaZ5aeMiyg7/LEqaQ9h+6YW3np9fyJjG0YLcRRBjgqU=","1IhY6/QRZ26CSGAG/YNstkcO8ng1Agy+sZ+tAwf1smE=","1ZgsVCrOIwqZutXzvGux/o+C0SPykx1A3ovHjQBbpOc=","BY26MhEeZMhBApuDSMXxFp5l8FguuGVMbkPxUFUDLk0=","0RfOdem4O4oQ7O4EznyGuiYjTbernhvK/xsvv64bYko=","dtnqrldGqwHO0hXo7mjogZnAGOMJSrUxA4KEEodaSjA=","+gMgpqlN1zuf6nWk3i8CxE1bq0uFGSiWwk2SecqQGfI=","qpxzMRFIrb8s0B40aU1rqJdZvUqrsN+8bWESWvD1pQw=","jKZWJ7yy+qgIdK2iLZZe9XNhCKSuAthX5h4yIqFaL88=","QSUo6XVJfTuk7w75mXG55zXtIB99A6M3RnFYw1yvdJ8=","lPRJSbD9awdYDTW3tYjygzz7VFqLjRZAf6yCBf2Gxco=","dtwCfDxRb89wCWZcQ6ShZrfFcuB6SbFhzIyMAhbQO2o=","0vK/5OHclh8ycV11nzfwrJTCYgo7rx16hB7kHM/j7v8=","4eZF7FGQiKPlgpwfY+vBHW89a0i4W7HHuAtvSTsv5sY=","pGfl7apoj3joNcbtNS02VzRlXCy4fVgoxuAp+pe5Ptg=","qV6DImHIhRKyHZ5AqfQVSO0HKNAzMei12e/N+GYsOYc=","mmwSjRQWq7eIhlP9liMzJVKbTK4192hqDoMn9pACN4s=","fdaQphW6vAVVIFA/QsocwtM1HoSiGmIiLeXxCFJ08DE=","ENAIKmFsHl7MkQYeOPxQf4MHQREvnYdi9lb5Lk6o3jw=","NzAHrd7CZY/Jju/h3fls1/v+PC4NuyDMtP9NNP/Tk84=","vXpljmZo/O1FBjpIl+QHcOrayimOZ67Hm3EZwlQib/Y=","SDYpuCFO5UV3Ju0NV+uqo+S3iiBJZ7sAG9OaVC90lPE=","SHzWNPxREzGr5wY18GtZe6jc4l5JkyKwoSpkFhjMbQs=","JCoz6TSVHkUMoeKVB30/hp9RDlYnmQB0rtlVhOLMlN0=","Sk6TQ7CwpU/ufPmlK58wyUCA0xvT5gj6Qsf2As0IOj0=","JFfizK4xGyPvCt9bUrbyZld7pTZWbNpzs89R8nzPpLk=","zVwtVYXdCuGC2CsbtZv6pKGVgmNPZPs+Heu/k9jGWyA=","BI4+Pw/Z34ZV4GEO7PB3LpvCxc5L1bcMS1ZbJzUlWqc=","/X5lC9yFi4x7mVUbMB8rC+JFvpKBgAsIvBC1cqbcEC4=","PIkMLRN7sBiGeAlmz+Or8WSGStbZ3emUPAi7LqzyxR8=","ttagjC7cYiUTFAKaPFNr36klS5GIW7cGPWnfoNccF/A=","OEL7PdQQlhGT8GfdTNH+dw69ionZaNsOb1kPA+e22RU=","wjeqJovHPm2BlpYVwgeTjxkuTRb0C7lT7htAqfWxaFI=","VS0g9K3LlwrZsnDGDjRnmogs99B2CPWK0zOPl+VJ1M8=","CpzZtxhZZIL+THEXa+cdE6X/2vtaaHDJQrVPF6uHGEE=","wNWYBOAruxdCH9JhW6HYp5OW6H/pT42mAorWdeXvhsg=","ZylinHmGLtDKKG+X9Ag5tQ+fdun/zgGe+d0mc9f+th8=","LGJlKDJuXo4GvZ7kzmnwgCRoN8OpD334tQKP2+1XdfM=","bSBD6O8OeAFfcNOEFXptEG/NCp9o5XmTrEktqd/EdII=","FFIBsOB1/HGHdSOcoAPIxsYI8VGyqviICMnDI09YZA4=","rTL4eMhD0jgxCroclybRc2yh2SWXqyi1VeRNhq+YxK8=","AaD/WjwETpbb8jtuXno10YeByBIWk4IosCL14DZyYqQ=","IBmLy1bxcuvi6T7n+RHMy4La4i53IDAgRwY3kiaqciM=","qH49eWUg2sO3J+OCeVXsKmfQEMxcPQQFXAblDJbsu6s=","lCKqozXvWOn1m95yXa7/XBilceGbbT8/V12/f0qoipY=","KKIeOeSHMHvh5Nw1DGuMgrpORXgH0wji538mVk6cU6o=","LMMqvCLSHxL0qeqDMqkWuuhcN3j7Tm0QaTH3aKzn+Pg=","YCZn53sMBLLwEJG2BUEI/vVl80cgOuVthORpQO3sF2s=","yt2xxiNIi6+yfTpyLDDETGsU8TSV285kC3G5NbiSJ7M=","f7xjuUVzSWihcQwEfRSXbTYcSIijJcSaADl57X92OVA=","thqQwxpQGa4HED6JtYWhQ4FGPmv4d+Nx/f2hh31AHkw=","TW+lzIN5dUsbwKKk46KEOJke4YOwjE3nIqlvr/9kbTo=","NW1jRibveyyEbN7Ey/Jt5zySjFGRXoK4HCjjbNn4Gsk=","e54lqpHVu8iqFatFe1PySsX9/WKzTlgOEcB4GRuQua4=","N2c8G0J5Q/pugJ2u6Y0eRoANbS48uPePEZbKwyLVcSY=","eZCu3ozkf97xWfJDRD4UA6eY5ujtRnsIoiSnScfRV3E=","+LJMMUTFVAfoKo0WZwlRnDvJbE+PRlchsluC59Rcpkw=","FXOiJvILJsqMGbE/3j9IFlUu0X8X0fB5+zNlg/zNEkc=","RZmmVSn8jyuKiEQF6ZFRbSBvK+rRBXNXGymmizcTDWg=","f2eaSA7vrzcVf/MA9Wl4nfK8gEpp66DCkmAwIMZQqFU=","NB0ak71K/2+yolWhAyxZZwWA4iIRR59aFwLUKVhGiow=","eGXlMB/trY9nLMixHaOt8AbusvW9S5N8ES0FZSqIPo0=","t6i5xc273dqi78/bmjy8TlqoYTQaB2z1r34mYCOKLDQ=","T9ZQECgSyMOYYNHxHv5Aa+w+fPR6WHI5tBNQfOtWVNM=","04erXAxMVYnjAD3ZLz5QjryU+xZSSHySu6wHcfkI7sw=","vcbehj8lktm1qD5LK1R9w8gE+yKMv5M6uhEnb8c7VpY=","/BtGcRsIyWGRItPpvYvJSeip67c0De13avkaFQCsPvk=","GBl8Ens3iJMLzwDaxzLmP4GGmXlRWaHn8/8xd0M94C4=","C5iLgYg6KhcGbxnvctmMqYFjDiPoRSJnQdztpZedsX0=","BP5pcKCRTXLGNizJz65Izc1Kw1SN+JvJ+wR6kYsTA3w=","NDuUi3e4KpEXh7oJV2NeK1qWgiYMexPIqbYNx/tyHps=","b898A80bhxhO1NcY86FDHuPJ0yR0LK7RboQJS4jrHTs=","CxEdFKp+omE1gBfXzAfXs+yuc0V0QRqfaOhU4iqjxps=","sLq4OTeSvOrThp8DMMuooh7GVsxsXhUAIjbzb1at07o=","12uohR+j8ONeHjVv3o1HkunaPERoqky8co5tRjxiqEk=","Wno70JMWzVGzSucCoJYz79yG++EwftymLGsMYa/Z8ek=","RZuNNfXa3uXuwKaBUK2OQbeyG4IY2J3QPTtmGpBlFmA=","Au80sOBPahvciYBqIuhhDcFJDsXDm+7iIBuoFo5P3eQ=","hX7uDjYDRODhIea5d4ykgG781LIJUwFtxNaORR2CIbg=","xOmfO1Mha/nYstLHx1l4IoPbLWQOA9e8hv6CqctVlc8=","cu52mLJX7FNctr+yQPzg+YKYo+WnLiF8KI7t0YTZhxg=","ekIOhjT94l66OPXTKQwYwy25w0Y7ADBvc2etjLHx92k=","j3BRInX6YD7T6H6qs+YtQ1FFKtjPRrFFYJkEWlM8Uck=","zxMJAcNqjvd0DgQ4si6ejwC1lkakWIk7u1jv8VnxB1o=","Fg490MCh7cFuq2IornEOih2b4bplSKQuS884x8iKmdo=","ViUspEeSV5OeZqKMc3vDoAYgNQxlqqdZqFVIjLihM0M=","tpEIfIURuAT+cyi21T/kl7B68AwAUGHSGRNHKmV08v0=","RRPl2FOZ3u0QsTPDg477GcU/fgdLLfKIpXNmbtb+hFc=","dn7ULYsqShWHKIapBGZP1Umpqtf3pak7c4LW8mH1W8Q=","8mAEfLPgJOz1CrmdNHFkOxAVA/5oXvylSbutvIsUP3g=","dB8AKKNPWAJl8xPwWjCACSeWixxaoAh6Nhat3HviGv0=","yLLMkjpJhtKVGJUelOUlN8nrpp5NLZmpzK2fcFLx7wk=","N5Oida+oARR5OBKnFPQ93jQgoKH6yt+Dl2qBZrOIjNU=","i9rnSAP7YUkzR24N59UjTdi07RdYHgxFPWkLTWibm5g=","tMqwU6klDHFDhw9MlrN8TExtZNETVurH9pWPGdAGfDU=","kvitem0dUlMF3vd0/TXKOcqX72i8rbrheONCNw9K4es=","huG7y+SLbT5/4nIsTrnBJYkxfZDJhoIeadZLwOB6hfw=","lGAv2+pOvXyOdE6kMtT68Lwq4D9fEz1yaRN1RKDp3t8=","cgfgWzaSeTdSxNMwzeiKThuh1sEa8/oU2dqheFwfr14=","TOfuHyetCB9m7QxXN9kQOSk6ba21yiR1YvNFaWFowTI=","VU4cfitFT0n1czOWpMame08dML+0GS5/wRqko/TRTH4=","y00rDosNhKmBQwgbDPTsuYeIQmeBOGwPCMATu0hovHA=","pQDGKzSyy4bQpKbR7atRVDXxKArTcnbNYibqoeDtFqw=","JE/WoOcRxXlysLjdwyOq4tYT0WCONGK5Se+NqlVXimc=","7wl7Qs5eg+ShJ7fPDr5ymzcHuPoj3j3kv/fzTCihjBo=","+qqJIiKfwltLM87GtRTmCbBQpW1B7jd9HtgirnZaVfg="],"block_size":4096,"path":"main_compiled.js"},{"block_hashes":["a6HYP8MGONn+vC2uPTEgqKTfSkp8wqIlaXhiMkvHXMc="],"block_size":4096,"path":"offscreen.html"},{"block_hashes":["1KtOvgU8cmqMvnaAN9IWnaT9RQJq60LaakEfG92lggg=","/lcRyNVsTeNJUosMy0V8tDq2HP0aFO42OKKyroQ1J08=","wkACm2p+QAyhFGykzl1MIBFbh5LHsFQcBt+PvngWvDc=","THApFm6wXfxW3Bo6PIWhoh0+8GqDePmKhgIeQ/D4cws=","eF5Ezp5rgus+rqvT9I0IDXObK+nVTYptkY75FUsGrlY=","djSnylE/1HutVTWFsamjj/RJfT9gao1ptn+kz55tkQQ=","hqhUbxzDJzDbcw7VFysyxXn6cJAhOjXNJmPhcXWwaD8=","hJROIgrI607kWV8PexydnVG7EHaaRG/ByjGVuvzFtak="],"block_size":4096,"path":"offscreen_compiled.js"},{"block_hashes":["n6Mdw0JyFlnG3DBftbWIVpDbWNvECgUngzFyn2VB5bY="],"block_size":4096,"path":"options.html"},{"block_hashes":["kiuTjwS6eQ7Hi6Sj3G075ZSTDQ2WOwiFvbocjdb2lJQ=","082z4gyK7lHqzR38Nb8Kmcl4dWW0jwuTcIHvTFDcd7M=","5Ln5fsHW38tBTAj4NSV9eBUIe4jlss+MHrzo+F4s1Mg=","reNU7FLcTnYl9jAhllCqXdkX13/rs0JiPM4sTkuX/dU=","2h9zVTXozm+udoiz0JUSQmXu/kOZDCuHuBtw9tsiEGg=","9AME4wDh37Fd51Qzkz0ASGAbDVf6ThwtKxlNBPcwo6A=","SrKnqPxYFvAMm/smCcZ9/Eri2XlRlh56bw9lcY0JvL4=","etPnFuEFOdq3bi4e8hYHAdyXtDClJ2WjWKvf4Ec7h8E=","CkpX7fVMALa3cOu4uaTn8Js9qX7tLVhRJL4mwQuxfZo=","iTdGT++robp4hadKttVELflFzu3mV+QMvcNF1qmKN2I=","h6QNw9gzfNtUclzY0++pr8sqK7rbBzevSv0viEDGyy0=","DgLin74NqjXKJ7eIwtBTyk7qpObybkWfmmkyYrRwMPY=","MPxv5gUh14tKYia0up7bAFvpwOWcOMJZ1mFai9HgFGY=","o1dPsZi1UBfYHpokEenvTvri0VZ3VcLLnDE+5CO4xfg=","m4beIbN5hkKarzZ+NKczauvK0jNiLwhbVBmEHhDebDs=","yPrcpFb3fc18PBBrvv26oirwZ1nfZ5QvoBLEw1LaPfw=","S0eKOmo+oUSJl304E2MG6miE2qHN+qdMDOsFWzl4hRM=","6WHevCAj63jGIqdxxfZ51Tw31bD8ruxt9VFjgL4vlsw=","FhS/suyuwdq3clj/S3QFG5wtp0eGHqFuB97HXOBIBNM=","3pvwu6VyD6RSQ0wPKmot7NXJkXmV72+MAe0hWHEleVo=","1+CUlZCK52CNudiwrgBaCZ+SCr/mBsDJtxDaZHjg98k=","6iBA0L/qqWoD+7XDw3IKZXpmK/ZaKMb3eKy2SBFk/Qg=","Pe7X+0D7OOqyXJCGSVvQo1nSlZIo7iMsEr6w79wAOGo=","oaaJ98o3OjHxzDh/AlhCIWDqo2y1XzCaGX/CIZ6/gVE=","W7yumux8C6KoCNsx9cqavpTruf4C/awlqh71AQHbsy8=","S9CmWFgwJutHSbRN/sYolebimfN8v8lbHHJt9vBmaPI=","0ZHx8JoLj/WOwOO1H0nDdhnXkfy0zJPeVzvyg8/5rQM=","4o7avbF0WpRPHMqaNlh7mw7Tx/yZKIT5Eg+A9KFjKbU=","1W/BhxXVj2LY3JQF5YxG7eBw4Heh8uMUnyfemps2cec=","U1qg+DdhuOhX1I0N1nVKqGRqDJ7hEtV0dfFYTHir0R4=","coC1Vf6uNUzr+O0B9ZgQk1QNWCxy9j73qFt9vpDtyYE=","N3IALj+mQWLZS6rl30qaBhoVCNqYXxslmXsrsFeC0XU=","Gdl+ZmY40K+AN2k+gnzI4hK3B4KgDCgDQQ69HSpK8P4=","TMRX/SmlESkuFtf4B6U8E7xdXV9q4CVVP4ni/NaHeTY=","rtQNGo/W6ITlCp6r2mEjV3/ODHDwSzRzdsuxgeXibcc=","I7IrzTVv6zlFCjsfIuPcvOYj4cQLM5fveDB6zNUUhC4=","YWZxwmrYq6vsrwUz3Ah5wXeR3BjkKbu/NV8jZZTOQWs=","Ku9P+ZDUUhfqRJz9FNv7/okixpGF0wlkHpHSHhFuw8c=","UkBv3B7Cq6Zwm8yR5wy4b1QlsFaVrMnPudZBT3YwSA8=","5B7/q6b5EdH+sXiV+Qz6Mn5cQwWx9RVo2xfo45lKHyU=","vCctx0YqDGDCAiP88KZLTWvW4AwMEVq1wQEHI0uN0jA=","5pUF08xaBCFAmAQRIfs33VQz1Xg/WvYX7ZD1Q/h/I4Q=","BF0RrIKKRwKK0GdQgRgSFir9DOGzDoNuNQep519vZUc=","GOShpnOWJCmt79ugXN9JXBc0uOLwF2+PjXh5V0BVNr0=","ooDGkYj65Eh3A0/ACw0zTV6HJQdgA/AOw8ShqkwcNy4=","4nKiR37f/FMPNs/LemlF0uIvVwDOy24si2b2BYDmziY=","Gl6VZnX4qxksHWjqLrj6kjCxd0zCNMQbvJ0Eqv9XIt4=","zJldlM4PsvepD3ifZglCogUxGU2wWwooBp8zZPgTgOk=","P4hnAo7GgRMGa5n68mWs5KPtuVtNm5qEP/10M0eClNQ=","rTrFmsbUv2t9AFpv9Nt94gWYRbCjw1IzfuvBqeON/ko=","RQzXAmZOn2kZqcql63WiCI2gl+PMdNM/T1yIsmXe+qE=","gJk5Y16YDgnYdcveegB279o1D83eNDZ7s8kauoLCHe0=","kaSDkwMv5f5pbmfC5KSF1JAvZsfq6z3NHzAh+ndRaEo=","V+7THYTTCtacGAEMqb1S40rFB/BMsLzaMKYEkT+HMyc=","zNfXc6EEEw9hMuIB+IxoUjiibPejqaz3N9Wn0liY6BQ=","su4CxNSxmb6Y9AvdyXa8aSCl9HuAyvt7qNmlZlxeCq8=","FHwDp99qfag5ww+4hmDghKVcXwgqWi8FMLtk4R6NQtM=","8w06jZQNfvaK95ZrtmDLr5yWSDywff6YpY1iIAfXC6U=","2TeW8E3YGrL0bC8VFUGLhggEIF5kiTf7/+ePcScXVEc=","ePK58bFBopAPd1koSgYxudnoLbR5vcheU2vCjYC5qhE=","WmEL09QLJyKuyIm9Lw9N/YsT8j0UfKpNd3PWGO/3acU=","KvhlpLuQ+T1Edhn+iZQ9zUC1sEFIKrW+ZfEWpus/UlM=","iqxP2eaypYKwFA7edR0ij0U7WuE0rF7r979VDIXPsoc=","3NcLoQQnY6rCW9kXh7cEF/VVwpYV+AcDb7aUXgNCb0w=","7q87R/jpcerEwPdThqYnRj5w6tM8yCCFgiRyZHxyar4=","V9A+ofV1g9Rt+GK/OgaWH5bAyPKbUJ8FHGN0l2l5e4Q=","xxsIX1qTUpNX+XGKxE9T4t4AVsQMkQxIZ6j6DVRIQfY=","ZlyNeIbxsMOpPU5KeGyavsFRdqJyhDlnAqkDMpOZL64=","h3oEBF8DtEL87L4z2/luGxX6Nf8xQB/uYLc/lCnesWs=","NVbodpaFEPA+g474upmxxuI9JiJZkylU7tmem+nGsWs=","1O6X4BF5V17jS2Sb7dihq2gRMal7/ktdDi3pI833vLQ=","IUVzGVG3PJYfVrP2Bxk1vQcl1SVwJJisSzsIgnjOY/o=","18ZsqCNs50Dmx54cPFgb71/2jmerg96FQDI7AwXPrLc=","aax2RgM/3wWCUy/8gQXpuYcb2+Bsvd7j8ZwHlTpghAk=","f47tokr6C8n1EyRRGK7ioxD2FaCbKHC4Kwixadgrv8U=","fEvKJ9+UR/yQnoIRuI5l8snhBHZ9zGGQMjQABnM1dnA=","xdBVHI4+ErTAD6armTRALvVHBBdxpFpDZMcvgHAXd3g=","ZZ0HEGEPuwZy8PLeEfN8qUFydiUa7Oyjn5KvGeMnNWQ=","x79FDV+fD14CZ4CIvTr2RHrqM1arit/zEQRUlBEkJhI=","eqvan7T7L4c+CIHagt+ppWyp6oJWhHyHF7h9CbHGBs0=","Ssj7dr2bc7z6330QdPWbkXjx2Sjv9rJCq55fGtqROz0=","wqgTG/xoJbHdQDmTKfsmpk/GwmNV1rUhoWAoIdzg/iA=","NlU+shWu+r2tDzt/2t+p6v2lNbKhwNbIBY9HTjkvXOo=","DqDKm/qqcQHavwJUUeEzrUgaUvy2nSD7G2c5Ynix+dQ=","R2E0HhaebveHRXlEa70K83V60YygKtHflsUj1t+qH3s=","RPrP/8cGVzFaYIajbDhoKUck6LQTLDbQV/fpJWnaXbg=","MXFNnTLd2hLPqxCPfSS9mzxtnWv9WcyAeV4LW5B4/hU=","ZfvepLm7jX9abLaPtgLNfGnmFTY69eHyxza4f345tnU=","JhSs+gEKfgC5RxiFcq+eg8HvstsgP+3o0bmHOOSYkgo=","Cg86vXda+ZOwTRf6c9hAEYU3m//ktVdtj3ZmoY+yQWk=","isqyN0RfTw7RytiXshvQPU7lhAofIRtN9k7Jd/ioYXk=","/e4Cu0kZYVsUq5KOHTx/CMVkxnpbjyDqc69CkF+6lj4=","rTbtT+2sZF4OvnKgKSytLPfJufak2ITv3iTYgcjjiK0=","0EsluwhNGmXNuEPfeHC9CCMBEEgcRx2jxciJEjxkTE4=","T90SxcJ7cFdJ0hBbeHYZvrwmDyVbEV5GNFqB6nebnxk=","HS1e0EZYFBo7JmcTinlDGyS4L3b4gPha2dypsouhGB0=","dK0Y6SRyMSrpODIQI/sw5OzILifUdib6uVev8uVQo3Y=","PWk/SeHgXlx9q8TrLsOhxPEwiwK13SxfLneTZqr4vCY=","EPrV6vWhfX8rjJByLMfEGRWXCcMjTXB1tkXPqfhywRM=","hP+A9M4IoaOjVH7CJMdv9IuOvMI27H8zcQ9Vn5P0ivw=","Jt2hkXD33aEJLbsTipkyHqLUSqjXZGPcxeJCGC2KLIE=","yHrieK+9i/XoDTJ/uCkFm+Qi0Y9bNs4y/Mr+Pl4C/NE=","xPd2kUCz614cn4NoVsWfg0CFGNCACosjivzRd8f9fDQ=","nkUqIh5la/mBmIGTiPcARaLa62QOfk/Sdl4gTpSylM8=","YZw+4eGicm9VUBBgsv9oorOsNNxZZqqEgYjbm2+RBO8=","PYzf8xoDv2slhRtslC3lse52x++lKDl/kBtuRs1Xox4=","5tSlpzc+Iu4SaQgbu9ClY+zbC9GuvzPal1tksnnjGTk=","Rh2kP/8qQZiRdEFh45pWmH5gCrj6W7lDWQm9Rtf6khI=","DJoF5SBZJl1XMOTnOCsR5DbwpKw+7ewzSeQ+t4GokUg=","AN6UVHWQfzLQ/L0nfLsz5DgLmtYadl2JYUCK/Q459/s=","QudUzWXUSn1wSBKvaCG9DhY9tAB6QUJUByNAXC13O88=","EFdNjpNA+nApIMmD0eOtfgTdC5MixC9V8CTFxDEQIK0=","GGm0yRuQnuJKnwCh9zjhwfsBTaGSFw7FJ8mXkaaI5uY=","5mMlPodeFIELs+pw7uuroZmqTU4jHMq9SSMamTMehT4=","ervjetHqK5NZRzLeHHLsFrVBI+seTzMx6UAfvnKTmqs=","zHfIhXJu7p1Sh6S/ZH6viEMUe/7/6DKK+TFrh17vR2w=","/fgCLHpamNDR2m6RVoHZx6zWtjb9z0rBZuHLunDYfSs=","NBXHna5CUhIPD8R77fdJTELeF4hW32dYrisY7ZKB5FY=","wqE11WBemqy/ImLg9bfUqi7qTmcfaHPjrZAx0JL1Thg=","bvNpRu+beKOYb1ATPSqGhBHHUbmRohq/fbDzW/ROWwk=","Z6+pZYNFKopobozXEpDHJblzDHgigl+TXRVQBXB5NtQ=","pbBYoQ5s61UW12hbUgEIOnbXFv4x24a2dbsHsYu1EzQ=","UjKuiH2F28bbazBx/iPt5JbIzozYYVuZPxraXwkTcF8=","8eWOE+gCGODv9G1XKRdxkz/j91XjAKSLkkGccL7OkcY=","PJTHzSOjHI7RM0roaQMq6bX9s5FoYPJLfyadj0utnjY=","lY41dNTmAbAsUadyLVxjwmWcN+BExqvJu5fVlpES2j4=","VfQRpTZuSlcjpMhThXXMcZ43N3FQHTAHxggyuL8navY=","lTU7Qh2LO3WqXM5My8d5EX/mbpgrm4idPIGhreWnN3Y=","ptLcYPkiqBWBsIU2pOc2MtmN+eo6xmw6cjVgUWsYoJU=","HWP2f1f6JSj6p3m3OrbtMKYsnbnazLSeICVGD8y6oS8=","iBLvc5R4Mcq5Kfa9lf2++wPPRpWjm1VeSPB67jO5cxI=","RuXKWglMmrWh3JJXdSycduxSm6kCLQlGMSQAhxblJ48=","ZHMA25anQmAJSzyuG9eXQS1ogmQB150b62A8O4MuB/c=","Ph1r5j0Zu+tCIaqs/4em4+GOYP/7cOJ51nkWlRG9xuU=","fquYJmmX7UGBCFlg8mLBeL8sU7y0GQj8H+X2y3kOJaY=","shbgCUHoYH/vKT41wf/8L6LcrcgyXpapDuF59aosZOM=","UqiCsF6nWShcg7bB8fVDwv8kZP0Va4DhQSUQjfZZ08k=","oPsyOce4UL28MXi67XJ6GlX4f4nT7MvS/TtZy28QnAc=","KK5R/HiTU+/ZOxDSluqU3QRN6H9+Jqz+GKESz1ee784=","9kcj3o9tpCNfbRssjRn9vGjnyonJpeBUj5BinJrmfQs=","GDU8qVckAi+jFAwyAHk9cKnte85N/ZclRqe6oYn67QM=","ANGjFTFTkVdR5wLCYq5T90tC6IQSk/piYQ9opWFuwso=","MpPLESpPP3kpgLuHTM4SPbNwUIh6zEbknrbPWnaOTyU=","xxvhTPE7mfxiDebiwB8TTuBVZQZ0bnCLeGMksGsUIT4=","ui8cSZm37UmlO2P9GhImtFMIlr+99QpfwDsRq6AhHnI=","xJm5HwCwdv9GhPImmWSxgC1bmFU+93uTeMoBhv7aZZg=","G2jQDZEvVthyWMlWPT/Ow2GxkHNmzlEC8AvOEKMtzG0=","cBofgqc8RSH/yhbHFdiuqyrzqfEvJn8gztuztNofq2M=","7ufjDuc+uxmZ0OakpfhkVPca1JNZW5bm+y++dBnsSIw=","p+m5hRjCI7l6G2UZQMtPJq4245XXncIa2eaYxQalc20=","/qPqZQC+bAvJK4i4r7SgSdjv7r9YTxEYPItMKNLG3eY=","j7RtaiNmBhgD6JepKsw0AOvAMXVZFAUXzxtou647HhE=","TGEX68LG7e5Evti19qQArjySDhtv/fqgwpk09uQKEw4=","8SorHcGqgoNEf82BC/BJnJk54pzdRYOkKxojamlni00=","qwFy8k+NV2lIb+xLB4Rcl9ztxbWj2TZM5YeJPn8QqxE=","U5f2QMaUjm8nVrt2ftKTZZkjhc0tFZFtdYa2mlKCCLk=","nrd1KE938dznXuTHTH74RYaZp5QTYFt39zSsbzJjqzs=","BYJZago6XuGYQ4Ya5+CpnERk1GtxTK7soMdZcqxJ9mA=","RaAGO8MYmwNZqt5UtEBCJiB4NjpsUN/ntW862seTieU=","C4f2wp7A6dHy3NTVfMT1lL/3pFn1cpQ8zrPSGowmw7k=","yr8JH3PRebAE4exX16zd3CyrxI4dVORaZzBEz4pRU9o=","3FxGmAr/D7aTgGNQ+lBrjSj6MjgPnuVMaKaIkQpM2yU=","aUerbd/cncLvY0IMTBYKl/1SQQh0xoLiFdYuxRauEik=","3bTG4Z09PG62sXOiFf7+Ag8B2girfwxt/w/WY5Q8V24=","4lWYXlB7Jq0DahPi0ndcQuRUeoeVUsE3em4kZtE2iI0=","EcGHw/OCG23tT7iRxrxoDE4iv4dfPrsad+L9fUjLfNI=","D9VVe6uJ0u1V3qX/kKLsgvGfpym05scvy/mYDu2hmmU=","Sk5L/utiOnMM6j8GfoYzaTieIDdDymU+A67ulJ2HwAQ=","GoiVphLPxWjuf5aWW+1y9US+uNnHZjSsWyOKC4NNctQ=","SpHlduMlVpnO7EcW3U2QDcqROQa5DwRv+ZYYPblt6aQ=","M8m5wBxTIwCfESgW3Arerb+Eblt0Pr1Hdllp62ETjDE=","z+D+yLnMMcRGuvF2ZfAs2Tw7RuK3BOL/+yTnEAhhn6U=","NjIo/Wri7OxDtr4pu4ChDV1ItVPBliLodukivLP8ZbA=","KThO2L4NbCrIpVh7m2GOnQyCgnxGC5paCFYDav9pWM0=","Zq5hk3WmSi/PfgqyEtQJpDnJ88rWYqBT7x6nuvjIT4k=","rw46LOJ4cgeKh34x7c0cVSO/0cl2t+cPOBHRNBKubCQ=","nSqxfKuDQeEauf0MJF+BJG3LrM5Ii0Fa0/swIzYkOVc=","pi8tjGGRFB7U9ruwnbH7uePan0UbmUfz3cDfHNIT1Xs=","8Pzo1EFnezH3/oXh3/+VvWMWSlPUYMeaUlGkUtuSJ1M=","kg/l2sT188loYiYm2d8tmCoadnh7bPCW2YyBPWbx9xc=","L0iXUKu16ECaC6TLTNSKIBOUkaRSo2txSIFqrZM1+kU=","4RmC/LwGdBtKLaTHwOFPm3ALIl+LG4FbKVw9CP8qm84=","mUi8imqWZvMFrOTWgknz+Sfqc209wrKAgCw0yfMK/y4=","h568E8/vEHg9rMatj6IF0SjelRhhEzwu0aciysqVx9k=","Di0Znn30ZQShnC5MFQNPDrHvln3OHBGEhdkwHeU0Su0=","VSXp5yl7lJxTDhFcjGgLe6VtYZrB9h6GssaUcBCktrE=","FOipVitEdeFduRbMeK3Hi2DAiinIZTa6kZpmTz1uLwU=","6NOOaHm7yYyo4wvBRoJrSXJT/OMajFV5KduC1PCMdbo=","yqtCyumua/xhfHep2vcMC9AxIPl3hWOMp20HuvVmNFo=","CNajgOagQRtSvTkksmExEO987cCPF7ocQVtwAmXhpxE=","Fn5bbaJGkZwtRaWY+zxkyEOvzRHBfvRvaePeYyOTpfw=","EqgcnNRGykc/PlRUY2/ZYQOYB9WqqHJqR39YyvzeCz8=","XdnAuUWsjWUVqqZh/8GNSy/hNob2KERqqiImp2PuL7A=","sx2acOY49kMPP/fr4jOzmBzCtYpBS6xWKh8diMteUgQ=","Vg/jEAdxZPKRwW1R2tqfIpbRcJPVLD+BV81WVPBZlPs=","sc5XgkRcHsA5G6nq/ePpWcLyF1DIDGruVMUXSRLvmTE=","qMjC8jJV00t83Om5I/iUpShU5KbY4xySZ5kjNGTx+3g=","+NdIWZH/l1GDO/KR7Il3AZ+ZUvUz7zpT42B+swKvVbE=","bsmLacGB4MLu0YmTc/XJPsj6iFDE5iommdrQ0Akokfc=","0jARx/IpGpPMSjbBMFPjTqArWs8g7TnsRHUpoEFoKSY=","acsopY5QnkiF8MWcpsa3xmNLCcWbaMfj8HckQFC+1Vc=","anwFu5W6XUPX8cpaLu3sq/NJwoWtF3GBSH7TwoC5xeQ=","HbOgLSsLHkFmYab9k6tts0wfbFp5eYGlqpZkBPH6B9o=","pY0wZAUrvAyIHgKjI0K6M8aJuuR7lHDgf7nIOHvhcc8=","QxxHMuQ+eknE/U3B28cU7s30Vt1E8XOnvn7AKeNnMR4=","ikzvspRn9aagXyBNJ8MnNCnBPZHQkNx+UIxrpEisiLU=","/Z2ShAG4dqmkU8pajJhzWqWJNilOtTfjvGSo4P16RcU=","XsBVH0WuTYXla6DUZ5f3tPe/PgIiSB/Q3hAGQ6uQ8u4=","tSDky4BNroWw+X7N8r6KK5rFnwWrajihND/oxX2P7xs=","Xj1q1lXDlFne0FimhEs2T5NYL6/9NX/BWyevi8ZDnuk=","/6nMKNqIpgeleW4OFZHz7i7HRdMpFvm8YUDPIATqIn8=","thZhWAY9btAvXz+lq2yaUW5Sle6VAOuzgAG/5NbsSdM=","rhnxGhvwF9IVk0MPdjWed8fyhaTRaMGuGtiOOlRyUsg=","W0TCNlXrAn06INFN3jID2pwEwRGllSDxPnB2krqcuNg=","Crbf6Q4a48snry6qjnyyyuBNtqQqGkP9SaMNLY7NcSI=","9VoGrxyL3e7J16S16byJJF2/XfGoAnUXNqONGPaqp0k=","LYPxsZus9Gltt6Ofckx56QXjiDWRP7Ija9tm/uKk/lw=","eZUi+NTMxIrFw+shj8WagA2k+MPkabsWE0gQYU0mVN0=","Fhe2X4udchKzW1aVIaJDLiKN8okAmkmGhsIn47NNsDQ=","g0ffsOS65tgG2NniTTZamXN3jRg5N2mqjadooX0sICU=","5s0QLlyWEM2zsWnOUWWwWU+JjG2FGYtNuCHtwIdUzFM=","f7U/n3ylFokHBMiMoKTYtc7amvShJBwFGUnDTz31QR4=","cnhu4TZnUSrGpYPs2uNIueVFRgwi9DDIlla9NEVzE8Q=","KutV2Kz/pcm+fM5VPJvR+v1pm+iTSH0VykahvCMid6c=","OXluVrrW7gbe6rUSWwbpVFzn+dOP+KeZEG/qg1V438s=","H3oZmktyYDHmPIcEBbyklCQdp25BGVnbozAmhse+EBM=","j2Uo2/K2pbztzOjpvcNwiVKNifjzMs1qAOzcgm+xlQg=","MgvYY/L44b/MolEjMzGSW9x5W7zsdGpmwIV/RaURnQE=","dWsT/FST9l7Tt2CjSHuzk7KBN1gN81DjMN4TByjmvfE=","4EmEApPqLv5ToZpB2Lm9Gq/HQbIDng5qMyFPR0pN0V4=","TCAeRQFIc+UKifz1DuI0slavT0U2zYCTtaxdXc+7YEI=","njdwDLvguxK82AKOVflnFsRTJocxY2+FA0LtUD688yQ=","xXXWx3ZKU7pIzF1jdGPYbI5UNjK6s0X6oFFgAuWKZts=","KZyEBMeoRJ5IamTqRs+fbjkLDbaNhj7EowJllZBBPqk=","fvvT6YGiDCVPeZDHUm1tIU8ENgZBauyjpD82MCmUTcQ=","YcCcXyAFAeiSfzf2hGdkChyhDzhQJdiizO4FYvxmpfQ=","NJ45hCAMlK9qtwIba3c7tFNm3lEFcIO+t0gB7aBJRzo=","xHEm69Z/i+dvy3bG6QYTdKkh7iY8xEYPsQIC1vVLfrE=","NY3jrrm6aPBP9hhkSuU8uKRuez2F+d/lcjDQoLu31U4=","bZa6itVnzUpqouwcZXOYy4HA9u5nGrWafzGUKxUYCNM=","cX2k5+OTsLEz/Bc5u/djCf7ZydVNqmzFxnG5pHYk0Qs=","T0EVz8Pa+gwerXnodvYhw8n+hz1OtqgN6Yi1oO+taI4=","xfHHilaaRg/3vRRHqubbyplF7T5DZlHyEd8el6K7XvA=","epd4y6Thbw9xvAXOr1fI1lvcbBUBHoZMXAcxHiWKFJk=","EXzLLStYuHfSEyRKIIcEz7+dS6HucyhZqzHSH92s9Ho=","5Mfj/gXJMT8nmYYbDMucRCyEzNzrgtETpstXX2DUXMY=","h1xkCZ0cH/0yS9XfI2sImS3xQkQ28VMjkTKigAEL2Ks=","UaZ2t6d3h+2nqOFxFjE9XPybzbqj9pzAkqnFoiUxf40=","mM4qMhBdMLEGcanH0jTBfYaShrIT2qDsdvi7B+MRbT0=","tf8ziZZDqY2Jz3W6ltklhhi5PydwYWurb5GigLsd7tM=","0hsY6ZWqqlQTGi9cJ91DIfg886XeYnznGLC+/SMFImM=","aQjtqIFe72r7rnx3XkofdT7P5b0DnAmzwQ8c/uhIUHg=","blqEWx8wzTo3lmMykgOKulTieCnBhY3kQqF9NJQNtcU=","NiEHJJO9at9OIbGBozMRo0MIM3+jf1BGM4NznYq2Ogc=","uBh2txVmHPG1ZsTURuYMaHM/j4WZ+/mV/XWmSdgx4E0=","u//ryIvkXYlmzZR7s3lAvwyoDfgQgrKuyl4IHvjXuag=","/Telb2t3yFn2ssjKC6JricPsSgATaNGk3ms94qKh5oM=","Uavekvw+il56Px9LyMoKfZLq2Wmt6m0IgNZOx0Ouyww=","C7iMtmi1rq/w7Ap9O+e5Qn6CL6KbSu9aqCaH1ikl2Vc=","NrmnXizzCQvY4yXVxW/c4t5LUN6PnZvDphSATclMYYw=","iSrc8DSQmKyOSwethbDpehFaUv2IsSDcVgGirpj3CYE=","QciOLGa98CCfEQpfiBm+mt7Y6RJWTKGKF+FOcstNDPo=","MS7BpHZhn/yTKZ6C/AybHsY6qZsDya7C50uLVzyX+b4=","qxEOUaiK3ZupKp0hKqv1wbr5doFEuPbgcj/U5Z2IH4Q=","NRNDOUXDPoebb7r3Ys4KfDvaw5YkU4bNmr9V6la3l18=","HhVK7wk7MMGk1zxjiS3eOh26KnvnJRnrDDbEvp6DtFs=","hHco7sR4bPMjb2TUPmQXq/1Tzxok3NQeaGS9gNAh2JM=","lSmmmCL4G+zKqA87znTZ75Ah91mKKjvQRXTS2q9ddnI=","eB3nzjGWKe/m6wxMeoqoXpoom+S6twahmPamBF5fOvc=","rhHlamDnd09aBk2fYZOaXKyR56S3tv6RjkU6TqbaNJ4=","NEkgPBvo/HprWmOd74Wu56z66LfDNN2niS98r4fgzPw=","nPXAnqioLa3QVW01FHpT/89VYS/PpfUdhr6YYa5+64E=","HCWse5T62mToiqkm6HkcqiyuQLdTODsq64bFFKrCkAw=","5RkcGHkLziJpP6qfRjjQIJyb1YwZsxqiNMURepTY6b8=","vlWC5ITOp0zM0ppp7VI4vxHM6nbXhWD2SYrQ20FykUc=","tsmaSnai36DC3wEKgF45Zpxoix9ODZgt2u80McUtda4=","aoHlW9Zf0kg0aCfELThg4gdg4BPy/fmQPKtAcGuTCH0=","tBivUmKdE5hulxDZREljQq+LLPvhhIo7hmfsvDdoICg=","w+MFe1sNqCL5f8vKEu3OuRUq0O/wWnds1QruUEaXOYU=","V5HUC6CEBpmhRIcC0ByHqgIPvJGLwo5pty1RtUJAiD8=","Jq3iJXRcWNcQs+DwrlfFkGy4KoPyKbCepw9nSB/uqB8=","xrgfQJgbupvg6ik/Ua9WdgRtZTzaT5Xf+pzMhZoDXI4=","y5ApJGXKCN4EIiQzLrq+ifC4R9C5VhEbY2p7DA/gOgk=","sHz1+vHua+LufIzv+i3hoZgh1xHAruXurRwJ4KLDsh8=","XOSTrARjxmAKZqG73Cw7EagIiikvoTHFSG2q2QhzI6w=","d9jSgDm2Vvsxzgi7oKjMscllzcroGGOsA7Y6bmqhihU=","Nblml+soczZYX0LeesHCYfKiogH6iDswx+AuOMCFUkk=","lL84IUq14WpSr0uiX/c8q7ylhMwKrrOVwZaxJrQ90RU=","FFKt5o39IsrxtE4PGHJuA4DehtIclWGmqiiwQRiduuo=","mB3gmONr4NEp5jIxIoMwDesCr3142tEenEQg9mbceeE=","A/KE6aP7VWuClDMvdscnYKaX1id4KbosV2vqdOhP9Iw=","XLCUZoYRBJulnUHGXLh5lSFZdrSpVRv77ktCw9d572U=","lPtBi78Ymsp+NdRkwKyV8n1hCDtg71YUW35KdaTGp8w=","mRrs1gK9L+jNMmzJv8eDHvYnmMEyGDPafqPfS3vWT68=","dHSwVYTO0b8SVS2k9NV848QIHQHHPI8pM4ezXgPJ0kw=","yHpzunv6XJ1b49sZRp3zcRH0d2lZGt2HM/QzPvSH5Ro=","y15p+Y4QVTC4iYvbN0+yI5orH2p+9LQsuasOqKlUSQ0=","onJduZ5x9tDNF8itXvUkry7UxzKbap5mMp9LQUDLoRk=","dqO+JRm+m3yv5fc6/aRHCBpS5ZsX9Cw9h7w/xcJ4Z0o=","xVNRPSk1yBSRy4f197a46zbBscEUQ4lHW9GKBh102Ag=","VRmyribBNbOi4DUVww7BWkVdeQpUGWR5JaYsSITuDZo=","tsFJTBW2EfPWNDKn3LK32ZC64sY7N2Zim3c93D4A4A4=","bqcWLSZji6YUITRhZfwbtG5LkucQ7e+MfJFYN3lko3A=","9PqoSUQwUkAFeXQjJmZNmEX64rrY8XU5JyEzXH85iAU=","Zg5nmBjnIqZpyadz0RLQ4UbTFajFMZdjNimyT5xBf44=","Dj18dSBQ15T0rH8nB3coNZ3I1WJ/V2SyK0GwqY71yHo=","wJdaLvNJJaQn/M6cPkTUW4ChvkjtDRsa7ozV9gVsnH4=","h+VdJ18EoO1L4mYJUn1il/TOJcDOGt7RFZc+O8PFzoQ=","ACv9mq7RabkngTMV2UtyQGa9ycXT8DHOg3haGuL4Xpc=","d+F9MhVN2bAnMJ/9A4RG/rvZTxuG0ScFQfo2/estgzY=","jsCV0X1C8kBBZzAN7jD3EUiJ3E6nwFuGFoXyVfoNUhw=","u6Pdz2sxG4FAaEmhy8EejPV4BrQlAnlVFnTpT6GdQfo=","4ASwnujKry0DHTdm8Du+Kzc9fVgZOf5hM1ZSkoFVxaM=","2aAqMtER7T8frtv9RyTYfHsHtBWJiDAb9T3/axT+thA=","sIetX23GHCACt+7eAbqgmzkF8j1lN6zwxabhjvbgc8k=","r7Eu93ADe1H7jg0RbDHwyfP8L1zcFw4kgYvgywULGq0=","2MsLzRpSehrKsJuiriJrhNtt1vyiwLlKNBngNhPw+hQ=","827SuxFEEo3q+aR4nvSzlYdQ3wzIjT6hSlK2iQFkfNo=","/uPylQ2Q5Icj06QovF6Fak19AgzPIbzl/duwhTuoWNM=","lu2aYdSsMtAd57cnciBGrlRJ9giyi0mtbO45bGoH8eo=","2wH/F/B0Rb2jd+aYQsfeZpeAV+AOF1h6txP4kd7vv1g=","h1mVZF+Ocal2Oi6FmvRd1iuWwiTOQ2WdppOQHuNPPE8=","6gYhA995hX3uz4xAzqxrl9JkS9VUqD7S/6ajN9A/FNA=","yhvDWSaf30pHDuvIZ79KHVIUjyZVgfzv7uWna/PlZ3w=","U9BA7XZ0ZyERA1lU8jOnEHDhQHHgHvo28p7fQkN5SyM=","jTC2OqvYJG9vCXug8foG0+PX4VKQUeoQ0rNB2JYCR9E=","FHF2sD0lwreNcYjGEuxeImgh/9ZdXtKIn6mkMmvldsM=","ACEwvLIEolu2tm5MIMJlUiujHVL2Kqkib/odRT7OeYs=","gkFn5jQW9o0fe1UhzmJsvNJJ5qMtwwPavP5ccC5imJ0=","xnBEODDiCrzBILkrTTMn2AstN5kWAlF29I3guUanREg=","ar53uVa2Wm+ChPfEOHe5CPyaP4zVqijN3iaaHSJk3ks=","1uVGmHUfCDU90jVJ3XO82AF/hWi90mJZL8xhEnRZqeo=","/nUzwvSWV4z0pGTn8wKyGd6TegrvizY2NO1h+aOnOag=","s0jNukhRr63riThNZs8zLpsPC8ix0jTELlwD/zDm6AQ=","/XD0f0bsl3lqB3tcrl4luuxvzMAfEjiGc8+wq3ZAkbw=","K5d4ztgT2ebn0qoqzgIjTEeNQFLi2sqgSv05ouSDZJc=","cHBVnT/pA7+S/2JeScRVFCYT1SJe7mypeyaa5CAJpNc=","kS2XGy8VgDE0z+49DUsteRiH6TZCkpHsWrnmkFhgvMQ=","Ogmjw0XqjztHC6T9PtzVYGq+qZOpkCETnO69FOu82rw=","Pu1NpmQKMUwcBh9ArbxeTK/ENIXk5vApsyMDIbHqi+A=","pBhZLrfqHefwcDW7vPQX3/35EiIm6COVtUY0j26Ygrc=","ndR4h8yqZkXmc/2NA8jDvakmjv1lGvQrjDeUWGLOuZo=","djbH5gPPTVEu6Ylre0Gt9wnN3ywQ0fzNfJ9vNFmkKrQ=","+VXgBeAaTfFvxT9TMTOVJCwJrHaEy21VYy1zgMvnjgw=","znUTjDosfAcVAladZmIkYkhjqVyFBL7MOQrEw97oxLk=","AA4dj4yYjqSzCcgH4fhKaeRu1rqTjDhVob28boui4Mg=","pPnvx+GUI0I/GXyQCdml/w9nows9I/iwQwYXa/sAeh8=","RzzKc9poTsQ/Q/cBSxbnDzAa6usY/sGDiQAMv+IpOvQ=","8MLhH8iU1EY+/cDN0dTixapa9k1V9uSw07Mn81b4XiI=","nPnWfUW6WnfJvw6eVzulc06s4lt7wMbDmsvtqC9HSHc=","sDrNCCRZ/PU064zOfvCIJJfH4EPrOMn+Tere/OY+3pw=","7iC9XB3nshW6T55K6qLQaucBjjcHhnyLCfvVfPM44ZA=","NUAMlmncb+RQnQUbwIIDe3C5qPyL93eXqTjA2NapcZA=","phnK9uXpAPoOVbI9dpuAJARG5Lmlo91BCZ/kgPRGBgk=","GkkNR2ZTUV7H+hwdG8yvqNXWL8EynDtm3yn7IMjakXc=","B+3QEyXV+g5IO5Am/wPERcP275Jvogwmk2Hp8UiAC0c=","bH69WRnZSj184hgXjVXVdbG/g4sSTjEk5L+ClMloPTA=","vHXrmp82jiToYXJsWbJAe+fc/iY0H6nNIbrcEZi7HA8=","vnDqWmHAbPO2SK04APBQTyMXW7oYcomMiUKSKIAYQ04=","NZz/K0fvBdXcmOwp4GSH2L9QD7yQa1XEMnHAepNCqtc=","4IYuTBMKp3xuI9qL4mBkdcGY2tikdhi9mTPYhrbpqmU=","T5wilC2xwdyhdu+uih2gcCwnJLMKMbuZ2/8vazh93ys=","x8/OdPmsKaAKQrNbrGS/4626eO6m1uQe87yIkHGmE3k=","O26nuHoGNqRyapAlkpJzAYtCBzk5aNWbnzIyi4XZ0RE=","d4Vqt48doNtJnPoTgJGH/iJWaJ6RdY0Ug0HU3RwgH+g=","QQLgDI4/wdNzwdgjjY1Vnwdrw5vlGDyAzWHW4aKTYd0=","n9r2cTRL3XOtZv87fwoPsN9AIVNauT4IyJp+3mWYR18=","34m3GibvhC0htQYZskLyPf6ocWfTJ7WXr5Gt8NTIRk0=","5w8QbiN0v1Y7E8oCAnmFYX2kkNyvxM4cHjE36glXVhA=","mFLdU9lZhwkVjW0cqOv1OxTrHHqjk88bAidNoBmfrwk=","IuDx8ZIXu5SAlP4fcHgqqEd5ZOez4h98vH4c/bdJ1jo=","oHwxD48oytY5CGYQW4/NaGeiq5pbLtF3QcJgqZaEovQ=","XJKf5PRgEkqumvM0LHc3Ozv6Pusn4QZO1SxcdB2bX+8=","9PYpBAsOk8yWSlLpWxUMzaesNwjYQBv7j6Jtp2u0iME=","e9NKO/Z+ayxV4+xhPfCtHDRFn2QrEHlbtRBtgh+mxto=","MzSS8Yvm2CRm9vaGtftZvOanb22IElchnGupep7SPOM=","CPw8m+8zmaCyRbfJRZLkzsr3wjLeeCxgKUNf4gWhy7c=","r3NHI+uN1vowSKglmTiOTIKIpqRdfRl4RDV1Jv1BK2w=","jBCFz5Ic9L0qUxM1ZMnhtkBvWWh96ZIz0J9rnu026z4=","hUTmum38y1L9q1IHlHMPcYqFN7My5iKD0+KN6QKV+pM=","io9XCnaOL+1ZWtAg+jyotW1L9FA+mUWUJ7urQQmDzoM=","PMW8s6SQHj0gaJMLxVl9jd1BCII9macZn2gvDTRPkIo=","cdlqQym/Qtn4ahlOkH2O3z5bHm5t/T3+q6OWyDLHzUo=","imeBaiuZjunWq4YAwCCmTl1/HLzzj1QdPeUOT1it78w=","cnZPVnSErD7MOXp43kpxpQcsEfVt5F+bsKvh5jzTtbg=","VNzEYyQ0KpR0YqgVd42NVgUU8YqlAyI2ixftBqaMTg0=","tlkCSRZfI5Sot6fHE/AQIwDDvoVXevp0FeCgBYIJH/Q=","KRJnk7rnM8OKHHD2gSRJ5CG8XuPMc0547yk0N41kitE=","jPru+s6DJZ2oXiaxnftkhBxeFwr7ktAz67K4JCPLdsk=","kNl6C8eVGHALCOFY2fxKjit3l7CSATsIHpIm94Inkh8=","WUL2FBdh87YoLS5OrKjr6f0VgLV/7VWsHl3VsMe111k=","7V8u2Aryd8Bdq4j7kZn5o6rC52dp6zAQlm0zmCjHFXs=","zbCnJlHYQvZmlnFvNUSQCR1rI52pXxc+ftWwLuYFgVM=","xBQWbB9nqETocLTps8BkDoonnp3sZXENewAdnpGEddM=","kANlTMxaJL8suDO04KdhMfADylxuFa3g0sHQ1M6nvl0=","hhDrH47E7nxcdDYQgPZpYoQSIvuV25W3Wz87vxtLd2w=","BRntHNlqrNv2ipY8X86E2+BHNjILgC1HkNO4zIU1tUU=","d+6j0Laz8qAVcDTqrZkHNTxkZ0vgK95cdEOLTqu24E4=","lhpN8aS9QONSgJIt/jo3ukuvZofqEC1pREoMnEcDofI=","VcJDXev1XOH/fhDXOqACfvx1N9GBe0tkBC105g2LsY0=","dMEmwOdiOgosf8BdZbHfC7AXY5x5YvfKUNen4YEkldI=","50XKSGBVbgnqWehm2DzQ4NjVY2f2ytYi4TSEfOZRhj4=","bVRfl34lSf/Zgts0gNPiO+dJ9sdj4XOqAQ08rWdoC80=","Mdw6T4CRAnbQ+gcrPsgEqM6O3swQPLmVbOlTIHZDIJg=","pYK2yJqXC5ND+BUaK2Ps+2DlNU7Jet1EHFN083X5u18=","D0KBHgwlQEQaObonSp6npdKuTUYOBVaIp1LDrm5cCgs=","7dEFufgfcESECv3VTEAl3N7iMzehfTELmd7h8tV97Yk=","Hu2n1L1eTB448Y6Smp58Ug+E2VNbRkCk3+kExD+S1vs=","Zk6SFcqueMfT0lferkFDxYujb5kZmQHFFDSnRThRLh0=","a2shigTNuZYkzcpPgkG76lhZua0zmpDcazj4VxyjnbE=","kFFwHRjWGFDv2ZEHi5MZD4YF7bBTJK9ZRH6j2OJoG+Y=","ZoNupATqxT8+9qXvwQC7Wc5LjlBv4naBpWKcz7HhwUM=","eSflBvAeNZqXEiFVSsRDozve7r23edr4L46RMu1zCtU=","rj++iLdy50IyQb+eO0/0Z8qnufe2KjKIUwdbFo/fYhk=","i5vai3M2CqPzvKJtc57wI1Dce3Y+1h8ED5X28jg8zH8=","M92xFBgC55BjSzsTKlw6P9ElgCeKpeHqzMCdX9hUTXU=","L+/rj+oYt6wXr9Feen6XIvbvjgTgT57dh3Cq0EVz6S0=","Xi2B/eT9xqPhpGamQoe2iMQTb5JzLjmfaQ/Ui27oV1o=","hdEmUrhBy7uLf3s01JNE4daQvftqGjjMCDG9Mex5cH8=","ISq8kbWnGjNCOukalr72Yw8T/67GQdcN69U+h65H42Q=","4ECOnUfjnuLbYsuPl0c1pH0hv2Hsf5zpyNxBAUGubdo=","E4vOx/BRFkb9dgN6EvlJBXToZHcEF5hqkJUYtPqRx8c=","1hZsHcDnrDIpkN2Jl//dgG0/sHqvXKMxukGUYg7YP9I=","Z3Z7A4/s0XDsUZBLaM6aaOkec4aZeEOJL4uGsW7Grh4=","oANoco4eS78mHvVj6HluRzqfgJLyxUJZMdwz13ICUMY=","jNv8XPGbjMMhSmFvgTUmszuUNF9sZklqt/QsFpw9xEI=","H9SlxlStaW+aVSqeFUPFzfxXV6oNvjHZWfFdKiBPiVI=","Rjb+Ctd9gnrDLXaPZGGN71x8gYEjNgv0QhMGXSjoP5Q=","BnxmPwYcUyAcYyhaMr7nhnquoNAnfBxthybQWQNGz5w=","voLXV2KsZXM63NzT3grdl16WPCKaF23vaNEhLUXs4rY=","dgEufVAJSjJyUzs5hONs47TTVZghQEm8eJJ+Bxy3/4M=","luUK0FzGryX9DWLSl7gF62qo2kb739oPkm7T9rpWZR4=","7qqmpl0cRvcGH6RYdzPg1qal1GOqKNE0jGSD1g/jDjI=","qcWNBC5CTZ7qhEEIzgwmB/bvES+KmtD20LxLva1Iw9A=","gFbEdamne0UudFk2vlDj+GOSoK9zH2wy/aOcjaDAiYM=","L/G44tRmiqeMnhMNpUplfKnZtRvTvNOOnberAKo98ns=","AE73nx6AQbVctDDAPpjy93tfRBTTbCAAH+0QtYZhsgY=","hQSisK6JpiHP0u+LnCrzUaFniTOG7OTPw74jncMnEZk=","8f5iEkn6bBIYGPO5S5wAtpdPbpHPyQurznUjvTwinrE=","aJiW2DV7t2tcNex2LWdhTnU+BiTbSBQKKm27N1tnXNA=","GsW7gCsVts//NdC11teiwjd2G7FVNqpdniRLuKcEaeU="],"block_size":4096,"path":"options_compiled.js"},{"block_hashes":["X+Uv3BsQqo2c+dLjvI8/qk6jAFXNLE2I3JPGEG72mSU=","t7S9Ye/oOeqRDoypQqU0i0e+IkOt5vKmKVyUWVqT2H0=","DdnhOER0hIC+gMEuD3ekN+u7yZB1z4SM3uB9sbD0jD8=","FjP6/Gb+qCJAtrMXHbBfdinoF6wpVDUxsHnQU3fVOsc=","CExmWp9xYS5AEQlSjp5UXDMW9v7V7T8kyJlfFrN8fRE=","KnVh9lf4S1tKJzu43ODJ89yGCAzkQRyRNA2nN5FphMA="],"block_size":4096,"path":"options_css_compiled.css"},{"block_hashes":["WPg9hCY7FZTmSETSskkP0BYxqqbvdAmBuR4maYvNxEg="],"block_size":4096,"path":"popup.html"},{"block_hashes":["kiuTjwS6eQ7Hi6Sj3G075ZSTDQ2WOwiFvbocjdb2lJQ=","082z4gyK7lHqzR38Nb8Kmcl4dWW0jwuTcIHvTFDcd7M=","5Ln5fsHW38tBTAj4NSV9eBUIe4jlss+MHrzo+F4s1Mg=","reNU7FLcTnYl9jAhllCqXdkX13/rs0JiPM4sTkuX/dU=","2h9zVTXozm+udoiz0JUSQmXu/kOZDCuHuBtw9tsiEGg=","9AME4wDh37Fd51Qzkz0ASGAbDVf6ThwtKxlNBPcwo6A=","SrKnqPxYFvAMm/smCcZ9/Eri2XlRlh56bw9lcY0JvL4=","Fp7KZ94dJB7/uDWZiwobQ+pbu+Er0soTjiC3k8F7uDA=","CkpX7fVMALa3cOu4uaTn8Js9qX7tLVhRJL4mwQuxfZo=","iTdGT++robp4hadKttVELflFzu3mV+QMvcNF1qmKN2I=","h6QNw9gzfNtUclzY0++pr8sqK7rbBzevSv0viEDGyy0=","DgLin74NqjXKJ7eIwtBTyk7qpObybkWfmmkyYrRwMPY=","MPxv5gUh14tKYia0up7bAFvpwOWcOMJZ1mFai9HgFGY=","o1dPsZi1UBfYHpokEenvTvri0VZ3VcLLnDE+5CO4xfg=","m4beIbN5hkKarzZ+NKczauvK0jNiLwhbVBmEHhDebDs=","yPrcpFb3fc18PBBrvv26oirwZ1nfZ5QvoBLEw1LaPfw=","S0eKOmo+oUSJl304E2MG6miE2qHN+qdMDOsFWzl4hRM=","6WHevCAj63jGIqdxxfZ51Tw31bD8ruxt9VFjgL4vlsw=","FhS/suyuwdq3clj/S3QFG5wtp0eGHqFuB97HXOBIBNM=","3pvwu6VyD6RSQ0wPKmot7NXJkXmV72+MAe0hWHEleVo=","1+CUlZCK52CNudiwrgBaCZ+SCr/mBsDJtxDaZHjg98k=","6iBA0L/qqWoD+7XDw3IKZXpmK/ZaKMb3eKy2SBFk/Qg=","Pe7X+0D7OOqyXJCGSVvQo1nSlZIo7iMsEr6w79wAOGo=","oaaJ98o3OjHxzDh/AlhCIWDqo2y1XzCaGX/CIZ6/gVE=","W7yumux8C6KoCNsx9cqavpTruf4C/awlqh71AQHbsy8=","S9CmWFgwJutHSbRN/sYolebimfN8v8lbHHJt9vBmaPI=","0ZHx8JoLj/WOwOO1H0nDdhnXkfy0zJPeVzvyg8/5rQM=","4o7avbF0WpRPHMqaNlh7mw7Tx/yZKIT5Eg+A9KFjKbU=","1W/BhxXVj2LY3JQF5YxG7eBw4Heh8uMUnyfemps2cec=","U1qg+DdhuOhX1I0N1nVKqGRqDJ7hEtV0dfFYTHir0R4=","coC1Vf6uNUzr+O0B9ZgQk1QNWCxy9j73qFt9vpDtyYE=","N3IALj+mQWLZS6rl30qaBhoVCNqYXxslmXsrsFeC0XU=","Gdl+ZmY40K+AN2k+gnzI4hK3B4KgDCgDQQ69HSpK8P4=","TMRX/SmlESkuFtf4B6U8E7xdXV9q4CVVP4ni/NaHeTY=","rtQNGo/W6ITlCp6r2mEjV3/ODHDwSzRzdsuxgeXibcc=","I7IrzTVv6zlFCjsfIuPcvOYj4cQLM5fveDB6zNUUhC4=","YWZxwmrYq6vsrwUz3Ah5wXeR3BjkKbu/NV8jZZTOQWs=","Ku9P+ZDUUhfqRJz9FNv7/okixpGF0wlkHpHSHhFuw8c=","UkBv3B7Cq6Zwm8yR5wy4b1QlsFaVrMnPudZBT3YwSA8=","5B7/q6b5EdH+sXiV+Qz6Mn5cQwWx9RVo2xfo45lKHyU=","vCctx0YqDGDCAiP88KZLTWvW4AwMEVq1wQEHI0uN0jA=","5pUF08xaBCFAmAQRIfs33VQz1Xg/WvYX7ZD1Q/h/I4Q=","BF0RrIKKRwKK0GdQgRgSFir9DOGzDoNuNQep519vZUc=","GOShpnOWJCmt79ugXN9JXBc0uOLwF2+PjXh5V0BVNr0=","ooDGkYj65Eh3A0/ACw0zTV6HJQdgA/AOw8ShqkwcNy4=","4nKiR37f/FMPNs/LemlF0uIvVwDOy24si2b2BYDmziY=","Gl6VZnX4qxksHWjqLrj6kjCxd0zCNMQbvJ0Eqv9XIt4=","zJldlM4PsvepD3ifZglCogUxGU2wWwooBp8zZPgTgOk=","P4hnAo7GgRMGa5n68mWs5KPtuVtNm5qEP/10M0eClNQ=","rTrFmsbUv2t9AFpv9Nt94gWYRbCjw1IzfuvBqeON/ko=","RQzXAmZOn2kZqcql63WiCI2gl+PMdNM/T1yIsmXe+qE=","gJk5Y16YDgnYdcveegB279o1D83eNDZ7s8kauoLCHe0=","kaSDkwMv5f5pbmfC5KSF1JAvZsfq6z3NHzAh+ndRaEo=","V+7THYTTCtacGAEMqb1S40rFB/BMsLzaMKYEkT+HMyc=","zNfXc6EEEw9hMuIB+IxoUjiibPejqaz3N9Wn0liY6BQ=","su4CxNSxmb6Y9AvdyXa8aSCl9HuAyvt7qNmlZlxeCq8=","FHwDp99qfag5ww+4hmDghKVcXwgqWi8FMLtk4R6NQtM=","8w06jZQNfvaK95ZrtmDLr5yWSDywff6YpY1iIAfXC6U=","2TeW8E3YGrL0bC8VFUGLhggEIF5kiTf7/+ePcScXVEc=","ePK58bFBopAPd1koSgYxudnoLbR5vcheU2vCjYC5qhE=","WmEL09QLJyKuyIm9Lw9N/YsT8j0UfKpNd3PWGO/3acU=","KvhlpLuQ+T1Edhn+iZQ9zUC1sEFIKrW+ZfEWpus/UlM=","iqxP2eaypYKwFA7edR0ij0U7WuE0rF7r979VDIXPsoc=","3NcLoQQnY6rCW9kXh7cEF/VVwpYV+AcDb7aUXgNCb0w=","7q87R/jpcerEwPdThqYnRj5w6tM8yCCFgiRyZHxyar4=","V9A+ofV1g9Rt+GK/OgaWH5bAyPKbUJ8FHGN0l2l5e4Q=","xxsIX1qTUpNX+XGKxE9T4t4AVsQMkQxIZ6j6DVRIQfY=","ZlyNeIbxsMOpPU5KeGyavsFRdqJyhDlnAqkDMpOZL64=","h3oEBF8DtEL87L4z2/luGxX6Nf8xQB/uYLc/lCnesWs=","NVbodpaFEPA+g474upmxxuI9JiJZkylU7tmem+nGsWs=","1O6X4BF5V17jS2Sb7dihq2gRMal7/ktdDi3pI833vLQ=","IUVzGVG3PJYfVrP2Bxk1vQcl1SVwJJisSzsIgnjOY/o=","18ZsqCNs50Dmx54cPFgb71/2jmerg96FQDI7AwXPrLc=","aax2RgM/3wWCUy/8gQXpuYcb2+Bsvd7j8ZwHlTpghAk=","f47tokr6C8n1EyRRGK7ioxD2FaCbKHC4Kwixadgrv8U=","fEvKJ9+UR/yQnoIRuI5l8snhBHZ9zGGQMjQABnM1dnA=","xdBVHI4+ErTAD6armTRALvVHBBdxpFpDZMcvgHAXd3g=","ZZ0HEGEPuwZy8PLeEfN8qUFydiUa7Oyjn5KvGeMnNWQ=","x79FDV+fD14CZ4CIvTr2RHrqM1arit/zEQRUlBEkJhI=","eqvan7T7L4c+CIHagt+ppWyp6oJWhHyHF7h9CbHGBs0=","Ssj7dr2bc7z6330QdPWbkXjx2Sjv9rJCq55fGtqROz0=","wqgTG/xoJbHdQDmTKfsmpk/GwmNV1rUhoWAoIdzg/iA=","NlU+shWu+r2tDzt/2t+p6v2lNbKhwNbIBY9HTjkvXOo=","DqDKm/qqcQHavwJUUeEzrUgaUvy2nSD7G2c5Ynix+dQ=","R2E0HhaebveHRXlEa70K83V60YygKtHflsUj1t+qH3s=","RPrP/8cGVzFaYIajbDhoKUck6LQTLDbQV/fpJWnaXbg=","MXFNnTLd2hLPqxCPfSS9mzxtnWv9WcyAeV4LW5B4/hU=","ZfvepLm7jX9abLaPtgLNfGnmFTY69eHyxza4f345tnU=","JhSs+gEKfgC5RxiFcq+eg8HvstsgP+3o0bmHOOSYkgo=","Cg86vXda+ZOwTRf6c9hAEYU3m//ktVdtj3ZmoY+yQWk=","isqyN0RfTw7RytiXshvQPU7lhAofIRtN9k7Jd/ioYXk=","/e4Cu0kZYVsUq5KOHTx/CMVkxnpbjyDqc69CkF+6lj4=","rTbtT+2sZF4OvnKgKSytLPfJufak2ITv3iTYgcjjiK0=","0EsluwhNGmXNuEPfeHC9CCMBEEgcRx2jxciJEjxkTE4=","T90SxcJ7cFdJ0hBbeHYZvrwmDyVbEV5GNFqB6nebnxk=","HS1e0EZYFBo7JmcTinlDGyS4L3b4gPha2dypsouhGB0=","dK0Y6SRyMSrpODIQI/sw5OzILifUdib6uVev8uVQo3Y=","PWk/SeHgXlx9q8TrLsOhxPEwiwK13SxfLneTZqr4vCY=","EPrV6vWhfX8rjJByLMfEGRWXCcMjTXB1tkXPqfhywRM=","hP+A9M4IoaOjVH7CJMdv9IuOvMI27H8zcQ9Vn5P0ivw=","Jt2hkXD33aEJLbsTipkyHqLUSqjXZGPcxeJCGC2KLIE=","yHrieK+9i/XoDTJ/uCkFm+Qi0Y9bNs4y/Mr+Pl4C/NE=","xPd2kUCz614cn4NoVsWfg0CFGNCACosjivzRd8f9fDQ=","nkUqIh5la/mBmIGTiPcARaLa62QOfk/Sdl4gTpSylM8=","YZw+4eGicm9VUBBgsv9oorOsNNxZZqqEgYjbm2+RBO8=","PYzf8xoDv2slhRtslC3lse52x++lKDl/kBtuRs1Xox4=","5tSlpzc+Iu4SaQgbu9ClY+zbC9GuvzPal1tksnnjGTk=","Rh2kP/8qQZiRdEFh45pWmH5gCrj6W7lDWQm9Rtf6khI=","DJoF5SBZJl1XMOTnOCsR5DbwpKw+7ewzSeQ+t4GokUg=","AN6UVHWQfzLQ/L0nfLsz5DgLmtYadl2JYUCK/Q459/s=","QudUzWXUSn1wSBKvaCG9DhY9tAB6QUJUByNAXC13O88=","EFdNjpNA+nApIMmD0eOtfgTdC5MixC9V8CTFxDEQIK0=","GGm0yRuQnuJKnwCh9zjhwfsBTaGSFw7FJ8mXkaaI5uY=","5mMlPodeFIELs+pw7uuroZmqTU4jHMq9SSMamTMehT4=","ervjetHqK5NZRzLeHHLsFrVBI+seTzMx6UAfvnKTmqs=","zHfIhXJu7p1Sh6S/ZH6viEMUe/7/6DKK+TFrh17vR2w=","/fgCLHpamNDR2m6RVoHZx6zWtjb9z0rBZuHLunDYfSs=","NBXHna5CUhIPD8R77fdJTELeF4hW32dYrisY7ZKB5FY=","wqE11WBemqy/ImLg9bfUqi7qTmcfaHPjrZAx0JL1Thg=","bvNpRu+beKOYb1ATPSqGhBHHUbmRohq/fbDzW/ROWwk=","Z6+pZYNFKopobozXEpDHJblzDHgigl+TXRVQBXB5NtQ=","pbBYoQ5s61UW12hbUgEIOnbXFv4x24a2dbsHsYu1EzQ=","UjKuiH2F28bbazBx/iPt5JbIzozYYVuZPxraXwkTcF8=","8eWOE+gCGODv9G1XKRdxkz/j91XjAKSLkkGccL7OkcY=","PJTHzSOjHI7RM0roaQMq6bX9s5FoYPJLfyadj0utnjY=","lY41dNTmAbAsUadyLVxjwmWcN+BExqvJu5fVlpES2j4=","VfQRpTZuSlcjpMhThXXMcZ43N3FQHTAHxggyuL8navY=","lTU7Qh2LO3WqXM5My8d5EX/mbpgrm4idPIGhreWnN3Y=","ptLcYPkiqBWBsIU2pOc2MtmN+eo6xmw6cjVgUWsYoJU=","HWP2f1f6JSj6p3m3OrbtMKYsnbnazLSeICVGD8y6oS8=","iBLvc5R4Mcq5Kfa9lf2++wPPRpWjm1VeSPB67jO5cxI=","RuXKWglMmrWh3JJXdSycduxSm6kCLQlGMSQAhxblJ48=","ZHMA25anQmAJSzyuG9eXQS1ogmQB150b62A8O4MuB/c=","Ph1r5j0Zu+tCIaqs/4em4+GOYP/7cOJ51nkWlRG9xuU=","fquYJmmX7UGBCFlg8mLBeL8sU7y0GQj8H+X2y3kOJaY=","shbgCUHoYH/vKT41wf/8L6LcrcgyXpapDuF59aosZOM=","UqiCsF6nWShcg7bB8fVDwv8kZP0Va4DhQSUQjfZZ08k=","oPsyOce4UL28MXi67XJ6GlX4f4nT7MvS/TtZy28QnAc=","KK5R/HiTU+/ZOxDSluqU3QRN6H9+Jqz+GKESz1ee784=","9kcj3o9tpCNfbRssjRn9vGjnyonJpeBUj5BinJrmfQs=","GDU8qVckAi+jFAwyAHk9cKnte85N/ZclRqe6oYn67QM=","ANGjFTFTkVdR5wLCYq5T90tC6IQSk/piYQ9opWFuwso=","MpPLESpPP3kpgLuHTM4SPbNwUIh6zEbknrbPWnaOTyU=","xxvhTPE7mfxiDebiwB8TTuBVZQZ0bnCLeGMksGsUIT4=","ui8cSZm37UmlO2P9GhImtFMIlr+99QpfwDsRq6AhHnI=","xJm5HwCwdv9GhPImmWSxgC1bmFU+93uTeMoBhv7aZZg=","G2jQDZEvVthyWMlWPT/Ow2GxkHNmzlEC8AvOEKMtzG0=","cBofgqc8RSH/yhbHFdiuqyrzqfEvJn8gztuztNofq2M=","7ufjDuc+uxmZ0OakpfhkVPca1JNZW5bm+y++dBnsSIw=","p+m5hRjCI7l6G2UZQMtPJq4245XXncIa2eaYxQalc20=","/qPqZQC+bAvJK4i4r7SgSdjv7r9YTxEYPItMKNLG3eY=","j7RtaiNmBhgD6JepKsw0AOvAMXVZFAUXzxtou647HhE=","TGEX68LG7e5Evti19qQArjySDhtv/fqgwpk09uQKEw4=","8SorHcGqgoNEf82BC/BJnJk54pzdRYOkKxojamlni00=","qwFy8k+NV2lIb+xLB4Rcl9ztxbWj2TZM5YeJPn8QqxE=","U5f2QMaUjm8nVrt2ftKTZZkjhc0tFZFtdYa2mlKCCLk=","nrd1KE938dznXuTHTH74RYaZp5QTYFt39zSsbzJjqzs=","BYJZago6XuGYQ4Ya5+CpnERk1GtxTK7soMdZcqxJ9mA=","RaAGO8MYmwNZqt5UtEBCJiB4NjpsUN/ntW862seTieU=","C4f2wp7A6dHy3NTVfMT1lL/3pFn1cpQ8zrPSGowmw7k=","yr8JH3PRebAE4exX16zd3CyrxI4dVORaZzBEz4pRU9o=","3FxGmAr/D7aTgGNQ+lBrjSj6MjgPnuVMaKaIkQpM2yU=","aUerbd/cncLvY0IMTBYKl/1SQQh0xoLiFdYuxRauEik=","3bTG4Z09PG62sXOiFf7+Ag8B2girfwxt/w/WY5Q8V24=","4lWYXlB7Jq0DahPi0ndcQuRUeoeVUsE3em4kZtE2iI0=","EcGHw/OCG23tT7iRxrxoDE4iv4dfPrsad+L9fUjLfNI=","D9VVe6uJ0u1V3qX/kKLsgvGfpym05scvy/mYDu2hmmU=","Sk5L/utiOnMM6j8GfoYzaTieIDdDymU+A67ulJ2HwAQ=","GoiVphLPxWjuf5aWW+1y9US+uNnHZjSsWyOKC4NNctQ=","SpHlduMlVpnO7EcW3U2QDcqROQa5DwRv+ZYYPblt6aQ=","M8m5wBxTIwCfESgW3Arerb+Eblt0Pr1Hdllp62ETjDE=","z+D+yLnMMcRGuvF2ZfAs2Tw7RuK3BOL/+yTnEAhhn6U=","NjIo/Wri7OxDtr4pu4ChDV1ItVPBliLodukivLP8ZbA=","KThO2L4NbCrIpVh7m2GOnQyCgnxGC5paCFYDav9pWM0=","Zq5hk3WmSi/PfgqyEtQJpDnJ88rWYqBT7x6nuvjIT4k=","rw46LOJ4cgeKh34x7c0cVSO/0cl2t+cPOBHRNBKubCQ=","nSqxfKuDQeEauf0MJF+BJG3LrM5Ii0Fa0/swIzYkOVc=","pi8tjGGRFB7U9ruwnbH7uePan0UbmUfz3cDfHNIT1Xs=","8Pzo1EFnezH3/oXh3/+VvWMWSlPUYMeaUlGkUtuSJ1M=","kg/l2sT188loYiYm2d8tmCoadnh7bPCW2YyBPWbx9xc=","L0iXUKu16ECaC6TLTNSKIBOUkaRSo2txSIFqrZM1+kU=","4RmC/LwGdBtKLaTHwOFPm3ALIl+LG4FbKVw9CP8qm84=","mUi8imqWZvMFrOTWgknz+Sfqc209wrKAgCw0yfMK/y4=","h568E8/vEHg9rMatj6IF0SjelRhhEzwu0aciysqVx9k=","Di0Znn30ZQShnC5MFQNPDrHvln3OHBGEhdkwHeU0Su0=","VSXp5yl7lJxTDhFcjGgLe6VtYZrB9h6GssaUcBCktrE=","FOipVitEdeFduRbMeK3Hi2DAiinIZTa6kZpmTz1uLwU=","6NOOaHm7yYyo4wvBRoJrSXJT/OMajFV5KduC1PCMdbo=","yqtCyumua/xhfHep2vcMC9AxIPl3hWOMp20HuvVmNFo=","CNajgOagQRtSvTkksmExEO987cCPF7ocQVtwAmXhpxE=","Fn5bbaJGkZwtRaWY+zxkyEOvzRHBfvRvaePeYyOTpfw=","EqgcnNRGykc/PlRUY2/ZYQOYB9WqqHJqR39YyvzeCz8=","XdnAuUWsjWUVqqZh/8GNSy/hNob2KERqqiImp2PuL7A=","sx2acOY49kMPP/fr4jOzmBzCtYpBS6xWKh8diMteUgQ=","Vg/jEAdxZPKRwW1R2tqfIpbRcJPVLD+BV81WVPBZlPs=","sc5XgkRcHsA5G6nq/ePpWcLyF1DIDGruVMUXSRLvmTE=","qMjC8jJV00t83Om5I/iUpShU5KbY4xySZ5kjNGTx+3g=","+NdIWZH/l1GDO/KR7Il3AZ+ZUvUz7zpT42B+swKvVbE=","bsmLacGB4MLu0YmTc/XJPsj6iFDE5iommdrQ0Akokfc=","0jARx/IpGpPMSjbBMFPjTqArWs8g7TnsRHUpoEFoKSY=","acsopY5QnkiF8MWcpsa3xmNLCcWbaMfj8HckQFC+1Vc=","anwFu5W6XUPX8cpaLu3sq/NJwoWtF3GBSH7TwoC5xeQ=","HbOgLSsLHkFmYab9k6tts0wfbFp5eYGlqpZkBPH6B9o=","pY0wZAUrvAyIHgKjI0K6M8aJuuR7lHDgf7nIOHvhcc8=","QxxHMuQ+eknE/U3B28cU7s30Vt1E8XOnvn7AKeNnMR4=","ikzvspRn9aagXyBNJ8MnNCnBPZHQkNx+UIxrpEisiLU=","/Z2ShAG4dqmkU8pajJhzWqWJNilOtTfjvGSo4P16RcU=","XsBVH0WuTYXla6DUZ5f3tPe/PgIiSB/Q3hAGQ6uQ8u4=","tSDky4BNroWw+X7N8r6KK5rFnwWrajihND/oxX2P7xs=","Xj1q1lXDlFne0FimhEs2T5NYL6/9NX/BWyevi8ZDnuk=","/6nMKNqIpgeleW4OFZHz7i7HRdMpFvm8YUDPIATqIn8=","thZhWAY9btAvXz+lq2yaUW5Sle6VAOuzgAG/5NbsSdM=","rhnxGhvwF9IVk0MPdjWed8fyhaTRaMGuGtiOOlRyUsg=","W0TCNlXrAn06INFN3jID2pwEwRGllSDxPnB2krqcuNg=","Crbf6Q4a48snry6qjnyyyuBNtqQqGkP9SaMNLY7NcSI=","9VoGrxyL3e7J16S16byJJF2/XfGoAnUXNqONGPaqp0k=","LYPxsZus9Gltt6Ofckx56QXjiDWRP7Ija9tm/uKk/lw=","eZUi+NTMxIrFw+shj8WagA2k+MPkabsWE0gQYU0mVN0=","Fhe2X4udchKzW1aVIaJDLiKN8okAmkmGhsIn47NNsDQ=","g0ffsOS65tgG2NniTTZamXN3jRg5N2mqjadooX0sICU=","5s0QLlyWEM2zsWnOUWWwWU+JjG2FGYtNuCHtwIdUzFM=","f7U/n3ylFokHBMiMoKTYtc7amvShJBwFGUnDTz31QR4=","cnhu4TZnUSrGpYPs2uNIueVFRgwi9DDIlla9NEVzE8Q=","KutV2Kz/pcm+fM5VPJvR+v1pm+iTSH0VykahvCMid6c=","OXluVrrW7gbe6rUSWwbpVFzn+dOP+KeZEG/qg1V438s=","H3oZmktyYDHmPIcEBbyklCQdp25BGVnbozAmhse+EBM=","j2Uo2/K2pbztzOjpvcNwiVKNifjzMs1qAOzcgm+xlQg=","MgvYY/L44b/MolEjMzGSW9x5W7zsdGpmwIV/RaURnQE=","dWsT/FST9l7Tt2CjSHuzk7KBN1gN81DjMN4TByjmvfE=","4EmEApPqLv5ToZpB2Lm9Gq/HQbIDng5qMyFPR0pN0V4=","TCAeRQFIc+UKifz1DuI0slavT0U2zYCTtaxdXc+7YEI=","njdwDLvguxK82AKOVflnFsRTJocxY2+FA0LtUD688yQ=","xXXWx3ZKU7pIzF1jdGPYbI5UNjK6s0X6oFFgAuWKZts=","KZyEBMeoRJ5IamTqRs+fbjkLDbaNhj7EowJllZBBPqk=","fvvT6YGiDCVPeZDHUm1tIU8ENgZBauyjpD82MCmUTcQ=","YcCcXyAFAeiSfzf2hGdkChyhDzhQJdiizO4FYvxmpfQ=","NJ45hCAMlK9qtwIba3c7tFNm3lEFcIO+t0gB7aBJRzo=","xHEm69Z/i+dvy3bG6QYTdKkh7iY8xEYPsQIC1vVLfrE=","NY3jrrm6aPBP9hhkSuU8uKRuez2F+d/lcjDQoLu31U4=","bZa6itVnzUpqouwcZXOYy4HA9u5nGrWafzGUKxUYCNM=","cX2k5+OTsLEz/Bc5u/djCf7ZydVNqmzFxnG5pHYk0Qs=","T0EVz8Pa+gwerXnodvYhw8n+hz1OtqgN6Yi1oO+taI4=","xfHHilaaRg/3vRRHqubbyplF7T5DZlHyEd8el6K7XvA=","epd4y6Thbw9xvAXOr1fI1lvcbBUBHoZMXAcxHiWKFJk=","EXzLLStYuHfSEyRKIIcEz7+dS6HucyhZqzHSH92s9Ho=","5Mfj/gXJMT8nmYYbDMucRCyEzNzrgtETpstXX2DUXMY=","h1xkCZ0cH/0yS9XfI2sImS3xQkQ28VMjkTKigAEL2Ks=","UaZ2t6d3h+2nqOFxFjE9XPybzbqj9pzAkqnFoiUxf40=","mM4qMhBdMLEGcanH0jTBfYaShrIT2qDsdvi7B+MRbT0=","tf8ziZZDqY2Jz3W6ltklhhi5PydwYWurb5GigLsd7tM=","0hsY6ZWqqlQTGi9cJ91DIfg886XeYnznGLC+/SMFImM=","aQjtqIFe72r7rnx3XkofdT7P5b0DnAmzwQ8c/uhIUHg=","blqEWx8wzTo3lmMykgOKulTieCnBhY3kQqF9NJQNtcU=","NiEHJJO9at9OIbGBozMRo0MIM3+jf1BGM4NznYq2Ogc=","uBh2txVmHPG1ZsTURuYMaHM/j4WZ+/mV/XWmSdgx4E0=","u//ryIvkXYlmzZR7s3lAvwyoDfgQgrKuyl4IHvjXuag=","/Telb2t3yFn2ssjKC6JricPsSgATaNGk3ms94qKh5oM=","Uavekvw+il56Px9LyMoKfZLq2Wmt6m0IgNZOx0Ouyww=","C7iMtmi1rq/w7Ap9O+e5Qn6CL6KbSu9aqCaH1ikl2Vc=","NrmnXizzCQvY4yXVxW/c4t5LUN6PnZvDphSATclMYYw=","iSrc8DSQmKyOSwethbDpehFaUv2IsSDcVgGirpj3CYE=","y9keWPzoyVHZ1ijtzf5KGKGdnc25V9SX7mbE/hAPZt0=","zOUquuKJnk1OitvfCmzY6eZzSIw/f2aTF7GvH/Ov89E=","QKtAb2c/NA3yo1nCZUO6k36T39uVwT1yVBS7Jfea7xg=","C1Q0Guo2gvIuM3eRaik7DuN3i1DeiLkYbs+3Nw5zKHg=","o7daFofHIwLI7AXEbPTBpbrf4+2GHomhf72c9rTbdzs=","iHUeC+wtYDNhuTKXOk1LCY7OcqnRBgG3K9JJ/CXgcRI=","sa9tludoa9GvNkX81o9pvEaY+Pf4cqPRRKfElW0pliI=","FUE4FQ49yZ6dNEgbNioMAkh02hGtonkybtGdqujqAsE=","WN/uYbZ2Q10BjadC7pArJ9iptI2XbGr1kRIveeVh0ZU=","Mu0H+pzjGY1BPnABVwP4gu7Z9tZxgqwSmCVwpuiQkbE=","R37Xprs1ebjCeNr5LBsChS0RiHEXC7XhH9Dv+ZqLtNs=","ahosW9TnTadWqLUzK5C+Wh4qhfJHs2RQ+DV5RMlZ29U=","i4NusEHaPbPX/Y7fVTmzJUXFM0gYew3ZVyiCJEWifkE=","+H7xR9geHDM0v0LPv77HpPIGLDb4qEPpFOvxIU9r/+c=","dRNZCg56qCVLT11OasgXpirwKbQ+Jo+m+Gj1vvyixL8=","xki0T/61V3NCMHdEq9TsL+ZUz4RAlhxF56/8Qahfh40=","thiTzHz1i2XqPTrs2fQqyKeL88DIhAyOIUsmW2f8kBw=","yygS7mrwE7lL4qrva/jPwB9DcBRFRpyXxiJ1pnFVtdw=","vXj+ILKdXT/TUUGP5SVTIfEaGjiiEFlRrxn98ZQVJ+g=","BUvqi6/KrMZCBItzSyjssoGsW9bBMUBvKXp2277EnlM=","bDvJbFaSfsEn4/UHvaw1j+ZGjgLBWtxeZZVn0WcZHIo=","40sjvg89sgYxjZmFhV5FkRDuLUznEudJOetsnPn7lh8=","ijLdSkj+0xKZV4g0gNBKahFR6LLTzn0xLgIrFzTOKr0=","Ixz4Bx/vkznkPASTY7A7i75g9oMxhNGfiWHkFi04gHA=","V7F+KL2/EjzxWa6nwY5Niak+S0zU9GmhknSSJ1svMIc=","Yk/9T5Zk1FEAmzeZFAyMq5VzL1qUrkcVtCU7YcCj6l0=","SUCCVW3rxQapwWz29hx4/FaTLzCGUSaPYM1bnW/SqcE=","9PElYewUhekRjZ+K76sLqxjvTk4Cq08zH1JdFIijeUM=","end8pTzyKe7FfHtRa5G4/nzDlg090AtTKO6/nXgkDec=","T8E/RsXRaGiPjnEm89FclvICJfy2xm5x01WdVQy3DNA=","XdE6UBrz6wTyMrrtW4Teof1hBGe6im47I57acfFa+xQ=","4Q4kaNsdeudpsxtXkjsr5Ks3SBOEfWu0O2XV3NJlTeQ=","P9cFUibgIdOsGfNjQQJRF6caZFDE1K+N+08k8LGbpFU=","734YyEsz6vWd2MANVqN/KuG2t7imNXUTNGltWZMHuGY=","7IpX9T5qlaDFwXtKoo+HiAaxKeX3brSqFdAFTjC2wFI=","Y0CeCc1G/X+qElJF0f8z5oFB3mfCtHpyvMNlZMaIhdM=","0cuKoeTQVrpi6sfXTcQdvcgHlu9Rl6vW+xGNkp5Fj1Q=","aoHuM76pPb5CHzsL9LixK5aDJAnH4clgiS84hAR5gdg=","8CPFOU/BCigjCE4N89PtKoIw06VaNDlITJQQAmgrN0w=","R16Z8N9coRV8lChXC1TevvXNrKHZuPo+wB3AD+O+jN0=","6de24Arp78Ha0W5TawzGTsMIYEqM1wuBluztdKM7ah0=","7WZrzSUCE4Jtv3Edhz2I37NyiXuHipVo3UczL9eRBdg=","P6DWscmBKvrKRbKjniHJT+sbpvX8HcHq7JZIT20pB+8=","Axg67OxuoLoZX1vOgZ2YRu3aAPxSaWXafqrTY2QF9Ug=","j1AmYxd9VLhvAFWL2yIU8dyKjmfuTL7WXcwLl4pBV68=","yq25i/ZJ+hBK9/SyVZ6bvzJjZLqcH6NPpvooz4s5PSU=","Ih4zCghM5WyIWjs84lwSMyw1CDZ4i+a3lVx2YJuLpzk=","KEPHcPXfQ3/Kj8G13k5VbWwymZSV5mjYcHIpV3ubm8s=","4ltdxJrkpuKLDA4tFFtUguwpPw8xLRmjfkzTpsClnuo=","BC3//IYykADwbJQOwIsx1YLcyvZ+LRpls2fUbk6MitM=","Xp1QaTWLSdRxnJqwTuwinEtF7RTHt8Xdr7wuseOzdXA=","MMwP6yiqc87mgx3NiYC8ELTkxWPb5BkerXyOu2uaVrg=","x+4wRWbBAX6lgPOlb/zxGAKPyeZXi++zVbMD3oYjVCs=","xNlRufhV2iIkD8QB51HK71dUWZBCO2E4ijkD184jU1A=","UDUoAgfW/qwvYiuv8DO5B9if1gbAiAFRVod5JL1g0ZE=","RH5Iu0jqtnMzeytdyPgTRUOK3Kg//4j4/mPNouKbAxw=","tElyOGNE9xCH6gAT7LIxXSvi17y7U4siQfFIqqs3E6E=","b7QzT+LknJ1YBSDW1c6SfvFJXQnp9choERaEXYQggcE=","epQeGVfE25fTCY0Q8FzFoM5n/PBRhm9RHCi9gtPFwK0=","Uhy+fP6SwJU7h9+Dw3pOD5cT8AQ1fgmBmLXbx7WEugw=","qVh88VFxf57oZIQZf2blT6jalh9vFy3blksUM5XEDbw=","THJVgoUzaiqPxO7YYaMJ+Ar5nJhgDH7SVvG7hjsIffc=","W3jCA4SJLBcK5MVXSLm3blMrelez7sV6leWcs6IZzC8=","lpsju165y0u1SUnXBBdovKlxrlNUhOiXy8ft1SA79pU=","oX+6GvsdcL4ZfjZ2svWwaU+JHQdrv6KpCD3tb49gUpU=","wsbP59BqgsS/cX5DbGYUmAd36UclANxFDdTlYaB1YVc=","0YgMkDHBaemr9ZkPQbPMVYPD9Y1X5Dk0ejADl7pjor4=","wfzPAxcHbYDNEOMiGzSIlnz/WWaOx1IiJ49CWlw2zEM=","0bftgd38rYQ32eMGKkrLYN92S4z5+0nQPBISTNjb/pg=","sJo2mHWshyHBrKj3A+MoEkuT50d+PvocyXOjWuV57Kg=","TA4zwnTCfKzQKUy2nVVvWc/qCSfqHXstJ+XZDgRa8oc=","7h3XqFv/ff5b5nVWL0hxbgJhc+WaYxTlc2hqmQeVTIo=","pkCPXBIvcqC/3XS/EiS9oVUL6riCowzmbZix70F1w+A=","TRsyiT0LW6sPZxyQmFquoTAg0ZB+8r9LWHMExFPhBdM=","keVaMFFOO6jLq5ElsoyzDDY+UOq4IbmSAn8kgU0yEms=","G2UO1gQ96bQxz5lAAHIk2rali+vfsWgfZ80i7bmxwx0=","EqTagXwelei00hfErHvt+oJZuM/jnHQUus8PYjSTSJs=","2IgKFOwbbf3K+BU1AbzXnAJcp97+n3nqdFfGFtxJcO4=","0DydhL4KOYAHw3i2ea238O8EEeVSnHp8h4hv6977rUE=","u/F/mLffhfTjzGKP24xPujrbJlYMVxv7lxva3e7LY08=","Takx+l7LLDWEfk82JYO7gq8PGKH8rijDK8UvW7gtSoo=","s6qnG9FTXeQs/UqhTIK7cZfZ9TSZKumBoknolYpEf7E=","51NB4+YJaCmbRN1banMIBjEyCsVN2fcS88yjlUPd1F8=","CENU6s7omXDnWFOpkMnvARqowVSHZwvPVkj+ujsC/Bc=","H/UyCQz/UMCPNBq3c80P9fA365hSsBAqLMoRjg5aprY=","KIRKHm9yApN4YwTA7E//ko705wZE68TWAS4xPoP/pps=","8Uf5DqpxJ+8rdnEMPfWx5AwpSeLpk3Y42ZxUkwCDOG4=","ccYXmEoDQ46jxi6rKOUt8dE4r8/32ezpTsvpmWzJioY=","7LI3HdRoOfZ3RRl4igt7G685vCw55rIezno32oxRniQ=","l0oTu48ffNzPDZSsJv7L6BrQrmfgkUDObkxELvLWQ+o=","/qEdupPjXaVwAgHpnelzMbS7nD93lNZpeN2TaExH60I=","HRgbQpzV4AKQ0RouLBsbnYXOy0nxc8EkyQHsOv80EGc=","2KA8nGhuNx5l+NIlB6YwfftGfp+AyWUPxV7g/1TQ3oQ=","9B2KpGl25IEysdg6yE4uH71PWlYBq578KNzAdc2qT2E=","LL1UpMmLAGmazsknmcRNFL/eeK5kTlM3p3aC+ov6Mog=","DsPFNIcsuRi10QCJI1dtldb7lMXR5K9FZLbABj775rM=","XzAFCqWX2t/Fm53vPS8wgluHp2fIeY5CQOsUeMMnYzo=","mTEqPQIyXjfmuSNPH5fYKTHbn7HI+s17ZbyIZ7giSHI=","bgXrvRFCWNQntl3MxIL/ZxKpwvh9VaL51W5fU6TMt20=","h0QXc9EgiFLdIEOJxJN1scrncUbJRewztQ/VbbdeEZM=","nbUy8M2CEl0IHZ1RQLw5YhgDyQZj5giNiKERtccUj+Q=","M2dZZJ8UXmRDpxDVRvpZygknumSlD9urZ27L1+gUgK4=","m0N06UJTcwYczk7D2/q4AmlIjqvEmkRztkFz0HnKNY4=","cmmmlHoMInpUGArBnTPYo717Zp/GumMeiEXnQOsk5Wo=","QTkoZfFUtMMnQAXIdUnRrAkmIgXbHUq2bfvJL660zgg=","UUzZOBU1pt4O79x1ctCEKaCBn5mWS99aoGZ6WYFmhXc=","HfTW+/rMQxOyXCsI0odxcq1inog75uhCYFJ/oOeQNVQ=","1pCv+fClCqXMrq0gBso72li0yoQLh963v9CMF20rPmw=","4Tzf2j6lqMulfh+MPdQRGGYNGOjOUUWiIzeihqnl+iU=","2lrtlLn3I5Shwiq9YMpEN2jf+1hxIrttn7lckx+MP/Y=","SxXD/nzlNziFg6kCoqSq7erhahPsX8taT94kYroWhKk=","L4Oaxm0lkeV1ABp/QXKafRIrVlgxZ9RcJLPRoeMAQks=","Tw2+P8YxGCMsDT8eMrCGsC9YYtzqzoir6v22NQ25ntE=","Nyjch5p7Bj+cZ4MBadoBUbT/IClzA2i8jjcJxzyipsE=","sG2DREPrXcfml219c8yPpB1vENaGHijXvcqOHsYVfyA=","Gr5YevXfD0pqV8534mLANMJGeObHgLCrUbbEWaWXlJs=","6hj0pYvw8UlH0pMmBsymhcLiHyywdAPBn3t8EekY1KY=","Eu/sLT0AypvTykGgg/gICbTq2wXlIHMB2T4yrY4Tsok=","F6hd3HZFyyN+OpVazxTUhpQweCgcUdY0yQpcRow9Quc=","8WjX2555zL90UGxYhHUE0Dhaz0v4l/R7tR33MbmMYtM=","FZwUb+y4IC9g87WWhI31WOf1IM76VWjm1nWfYRLsJgU=","y8+h22BCZ0rUgN5rTzq39+nec7wMs8wQxToGaGRQ1jc=","oKy93iHcVQhcW8ILrvQKT9uHpmw7I+Uq/2ybfMDDOT4=","yvek4nwfmTP4bMckZasJG9UhqoHVi+Ublj3w+nhQkR0=","i/Y7ZgkPkUCVBDkvmpk6fjBjOEnp54ybmYn8bEFj8DY=","37GL/GXf65Eka352cewa0Tv+e7NFKB4Zu+mvQpd5LDs=","fYcMQleXDYIaS7PGW5BvuSsC1Ru8WOdpNGkQ0xsZfPI=","61Yn0MMsfuuhQ71jYH7dqwP56U6r+rLy3z/UKZDguKs=","o3VMyX0OLgZ1QPtKYaalvQtwmqft2jDdrcTvJ1Wfavc=","ysxFRAp/812hKUfDTIkxZPzu9ZrqXegEMlftwgh5d34=","8rKsb/E+QdlBtlt7A3g/mkKJsM3GhXRZ0+J7YfdmGTY=","TCorqwIMmq/Nsso5LhAdg4K3Sl0ZXoHo26EbjCAJW24=","XWAwmuThjNP0MZuTI4tJ1hbU73eiiC4nq9ai11R3cZM=","0lMx9Besf5Gq5lgWVsvzmC9SHTT9EQEe9EjXxO4A6Q4=","zObaOisk0XR6taBR/Fio3s+YXNX3Xtd+0Dp/ymSLwrI=","CWaXQ1Don9Pk/aiLF+8+h7X6kOOtIJ1J3dbFh0cFwI0=","CizD+u9BqSrdm8m9qGlHyeJkIEAWJccnLN3vfDpze8A=","aEu/+cqZ446+nGNWjrBnd9Ev96nfRAWMHBgIUPY7Pbk=","8fmP6DgrWbGjFUS4R9GhjWkGb84Zyqg9l1PyLiL0Xlk=","AYIycLJ0jr9e9XUYmbSaFfrXbgPqvw3CcYdKMfi0thE=","S7QxXOvby7EZTNqWelDZF0j/0+eXWUU8axZRixpzLvA=","zf1Pap6eehy5Tz7+XrRG6fYZfESMQy8a4Trj3ZZdV24=","2GWa1l6UMhiMNX5Lm9Yi5iYeV4yJQXnGI8vd+GWrimE=","+zM5FQS4DksughRp5ECThsYJMiIqLnxUT38KV2a2+qM=","J7wF9sFXJB7eijdSghDaJvPXsSUK7GG51SRhGwNS14U=","ojexeY5DNTs01PZIuS5iNso+5uKOF+aOIWuWLIzr2UI=","EytyzHFQj1wdLBRZNiHcDPOwRvzidNYfr+nZKpO7WQw=","WWFgwm6eyR3FvFyk56Mqe7gkZukfg7KVOaGHJZ4Pk6U=","3lWthUgxkGb8qEH8iznWyBxa5wQu8y6Ljmfe+/vWffU=","VtcoItf+kN5ZAX1XWo5iNJoeE25pDdry1sbITC0OQuQ=","/sBGa2djStpXxyCd5Ax7vum9WdEXe96n/i/Ci4ioO0A=","K9Tf4cBwWIWv46PRwBiJI/WDxDvsyOBvtmNU41KYozE=","3t/C9Sk0i2fvNrs5TrSx/4G4X/F9HGgiAB4sekcmDv8=","ypOWILOs5WzD0fXWsc3GFBV3LMDFC5Kb/fezTqi2c5g=","Av/m1lyqDs5cmTZrpAS6102h9B2iV6hr6L3bvpeQ4ig=","K5O50wSZF8xRlDatHxzR5rlTF/t6KLmyDT5kGChZR+4=","wnlijC0ms0IcSRDO6ufFo5mZPaQ8zfrwcEDL1/v7W/o=","/vR5c371lbcAnOwzpbJJtn4mb+AkNuISVlkE4naYlx0=","C6+No4JaP14RN1FalmdV/T8yh0ofCF+otalliaPKgCU=","/osjj+GSTx7gyQwuKLnPvFhhUkmgBKkBiVF5gjE9auY=","6OR0c387IQlml+uWwnUz5hSonXTzjFJS68hh9p2VwyI=","Jjsfwx2YQ9Sr7jOhm7Z+tinTyLKhlZhgWD4K4ljXCNo=","wsG9wxrScICJbO9NF+vxxh/8j3j1ssYwwPKL2zD7r9c=","dlpFNa903bgtzy3gfx78Yp1rehK1HvIZJy/SOhTqF98=","ue4IDDcsttpteUSz64iIlzsfj6WIfsxjDs1WrIzz1L4=","myWKhGsrPZtG66zlo2yGWu9/hR/amBKICDx75qc7gWg=","ArFd5ADvB0uYC7dK7jzRCpBAarumhrFNMuRPPdRCvhk=","bZ2pEL/fF6ToLU2amvf1Xytyi3X/REjQ2KBl2GaTVak=","k21TxkrK0AyjR45D1ZKU+Rv2UAHed3weaq7NP0nJ7iE=","qz7KxoFF7jf/BC3vvZ+SGVT+iiqq7BqdpXnx0+jEnDY=","JPyk+5Ibdjvx90iTgy3gCOvEqfS+vUD6RWQujRBIPyU=","jTQ17sAl61V/avCh2u0exQ8Dq0qX8FDdd+wQs/GKQlE=","5rsirnvdzBvITVGaCd6CyQP6KxOtazc8e6Xqet7T3p4=","Jh6xckit9vCzULZZ/8kNA6JHY1QRgDmn9Khf/az6CqI=","bnUtb6LpIxslNH6lpjNw5lZj8W3V/xXhbiBQ75pe0og=","P8/bnxtu+yiSbU6ILdh1r47wZ5jVcXHmWKgfTWNfvJI=","QFw0LEsdCNYYR4sH1zxhI2a4UILzRVbh/e8ZCIu2QAg=","z1SNM6Mbkmn260chNHaat3McIh/7FyYFXIZLwTDJ4TM=","S1FPFiFo8nb9lOtXV2DW/pHNfyR8XywR7pGsAcu1aqk=","qResuXTqE3i67MJtjivOpYBJvSvw7fM4Pc9A4fZjGHI=","rGQqcrmTMa7LNhFPqoI4W8Z0xJwlEgz6enI2H+UoIYI=","ag4NdD+nAIS8gqjPDDbwKJhvf3a9Mgv+8FP3FkwVL/w=","WTNQy0xjMw5MGpQ9Z2VvxieIgYLeNdxlAPnOn6VISpY=","vqlZSQD82WeEinV+qlF0WhvCFPfvZT90tGXYSkLRjR4=","l+NVfWCCbAot00jXRGg8VTjT+iH/d27SySdzdB2iy2Y=","iag/0kpE//IrekfvaGA9o87JlQ/QhWyDJwa3bs43Ezk=","A+tla+iWVjrvCjLV9F3EG/O3GvVaoxoZRl4N9svYTXw=","fbf8uM7fNjpfXGTvrCOtwA/dD6P1l0ZnJRNbQJ+Hgks=","sZyJS3T0cNViJ6ecMdD9B9gczr5e2qrEHQt/VWp4dys=","E1Xmp/kTyIUBvLi7pStk8MQctM8hiba7aBFg9ETn0GA=","qfzEYLPiGvhizonTkFX6uuX/w/TIKtLlzRA904yav3I=","2TjMbH4r7WOk+S3HzSWhzycmITheawwUjfuVIRY7PLk=","T4JIZ9oJoNRhfswpMZWP0C2CgTn1b4ew4vXwcdbiaEU=","GQ92pQQlbcAxTX76OHrNCyBVSU2u8vRAlglkUvjlMew=","PjhauWLrnbpfa0BPIlDHpdGBDrbAhrFZHKnu1l7zKOQ=","5aYUvMiKpZChn4pngI7y7bizNLKmDc8Yp9SK7bRgIlI=","GjpLpcVEudE+Ou2EXdvAXOOkiQx8JwY17iiDGjnihQg=","/3yxZlBn/jocBXCtvzZH869zDrRozk5wsTvi+xHyJzI=","u1DTIXkMMA7A1gBqCWMaVT8776Kt/NkpZWcVgxSLY2I=","cQvqhvVu2rfVmgfAsg+BhdMv03ybVnLuNwEaIUpyFgw=","owZkykfIElyjSJXsMu7sWeeCR60UT1CI+zT7wpHjk8Q=","4cxCHwqE/ecK47kY/tKVKqvKPETJiozRpjAtJAMw2Pw=","vWXODf//s4yTe5P5yVk9EvMUSHiPyZd4oX1FLwNV97Q=","YaWnMV6GRxeQGOxclyLVUfEUGRb3N2bjgaheyImSroU=","eBBe4W2nJI8Yb4fSmWnWMpKfC8f3cEDTUohy5hzxZEo=","lVAH+7WBh+vCIegA+MRAYD71NvsTxzpL769j0A3auRU=","EcdXGB+hOueV+jOB89Sa+DkVc08mN4FWjekZAx8Yxjk=","w+le8TY4g9fEFt8u1YDPhhGbr0FOqZL92cGYiMAzpPY=","s0rO3kubWxnv/g2AB/yPnRBKctBgZWLP4JlN2lOAC8k=","CbNzyDI42sLlbcOQ5zFH6VFiqEOEW1VemPeKrfp2lsw=","g6oEwlG7Jama/2MCO+FMZCetSs24NRkSEq6M6BdQrsg=","+xwGCF4iAlnpw0sTXbVTVLXI1d4I+59gkDve/pohJtA=","1KLhN4JZxEcbMZbColssFNQpenVZQc+YZTab3a6mLO4=","KcMf0SpCe5cJ+ZvduEeyOU9nNalXa/ZosdQGrizfDUw=","M4fTsQatYTWjQz+sji770Puda5ZDgd8o7XTI/b/9pc8=","XbB/qb6Z6zaKBA4ROfahPybGm53M5JPNtjqgSwX8w9U=","hVjY91vbxG6bnPl+xTaflT3U8N/avbYCoRYcARgE+Zk=","fkNG8TCOZPBciA2nNDy62KNp35/FTkrGQPbqL8sewTc=","GCDniM+TBa0ewNfTDY8GQz7cuY8LKWb1Sb9ukrv++Tg=","kF7Tcfeb6qFfjUvqULjLUQHs8FlleQrTXFWoX+XfmHc=","wSUI5uvfASIoioftfXhh6216WCXsgkTWV41HefPz814=","L/76/e/l7HHXUN7Wnf44pHiCR0Gj37daQ5o7BexHY1E=","Fnez5vfXpAm6aZO3bs0fHARZx/Q3G95XCAMES3HxCfU=","xsbeexLkwGXcX/JT6Ig56fcln0g4VQN2ZYRR0eczU4k=","vdRR5BZiSMr1unOqvIrMXoD5/qP+tUwMABJzZXM089Q=","lI0sK8Gb4TceLWP/eDFLC4XTEDESHcYSd/RRe5/VSoo=","BqmI9mvsSOOU4V3GjwmdphQLy+sBMkv3nSZ3vGYloqA=","Sl3MLm8GcC0Xz3O+jzT1sNJdLR9Vo+0o/7Er+kMN9PA=","OR0N+1jK1xudM5OWfaTHGm9XD9Kzq1jJEopG5xpBhE4=","koEHdpWmSwjUXf3fvqiDZDircko2/XB2BCK193dlxR4=","uJfSsPQXsktWommh+CB1JQL78KK83jyWNws2DIWTeks=","aAZoFhfqUdUIVJwJkwq9YlDnBNttUUooGdnRgJvpSG8=","r2oAxycFi2Ltw419fsucC3Xxsy7IJA3LpWa3Zjb+vO0=","Jbv2+LZz+59U/enxclP9UIZR1EYJpJriaa7wMuI6AEI=","eqCRnzy++f9TP8IMDpBucwje4YsawcMJLBd3OOAWDFk=","QcfzSnU2+rTze3Qu0djoVo2SrfpnTI6/8b8ZGyLVLFg=","/2jk6fc3k1j21GVistFPhxsk+s5skTR1gC6MlKsEqIE=","u2zFB2fQrL5/6Qclw0RUvb1SCbHraYowGwQpmMkfq+4=","3ghgFO8Ew8Suuk4ma14DuSrkakfe/xlAL9SHuffeVLo=","WgdNzb7lwES+igdLK6737xMnhmm3NoQZmYiAwVdjXVI=","gEp6IV9soLA59l+qcaYUZ7ezk8ZHEKMDetsbv8h8HbA=","8afJLg2GgAyYanT6AQACvosnoXUfZtEpT6iJmxoaawA=","jLjy8Xpfu1n/FUhotSYftQCz7rYKUNMlVKonKsTvmAc=","COswGY0VyqF8RKAb8RvckaBIir+kyR3WTO2klxRwTkk=","IaQuRUTbZWbsnEPMct1yD5stvoL/ky0R6CAMHFb92oo=","DNWrIkMv4/sfN2JNKxaXq6S9gyM2BBQXudcdmFPBRGk=","QXkBwnwhn3alw/VrGGUcQ+xOwz9HFJXP39ydajWSSc4=","OPkMcoHHMIleIOhSZ9rdHMSSXgZW53mmug2hvs5uLkE=","uPWSCFExEpea9FxjComPP1QCKYcCkUkB2HzsBWVfzCo=","56VBoFylKfJMsPMfLQ8x4loYC3tY46Lvct1OGLOqmrA=","GBCAqGoRc5FBJjeob2NJCeSmpb9E2AkdUgBYxt1TozA=","5CyC/AD1C0tUJ7WUQWYB9UCJyK+HfB12F7yiiNfmfmA=","UhttqKzmHtLGo6h69HNJSKkVmI1QBgtuW8ZYRVh48PM=","RpuXbLGQtEI8Tk3VG9tNVj/ZKf9oc0W3Zo/dGwyiDvA=","t5JoWx0eFp44110QLyxtihWZnPQ9X+O48Q7r777169w=","yQ6gU6iaBqh42ANjBrh3tmAMoC+zM/7XEJCEzdistpk=","xacid+6CLg4h/VYz7RXKiXNMqb3m+OADel78dwVQMNc=","Z1ewCBeV6QUCeO3RaDYgVq4Nxa85QaJqbq9JqFO3oEk=","XDZF5ZzRd6aM1mQlXS5ZFS+1FlgwE0+T2meLX6uCJCA=","6nsSnHlJmhaSABz7759SsQu/bgo7jXTERfxmRyvoWJE=","ZyJYm27If8FI4AZf0G1TlMNNwgU3aC3meWqM+PZzCPk=","PDEU8zUHdGeZUWM9aEAJtCO4045fcw2U2ohBrsfcpT4=","QuWel00idH9zwJi2UwEB7o7Rr4U5AeAP+odyqXzFZS4=","30DPy6GgAjcxjhmYrX7vXii/1suK6ndXNnmSgOdKjlI=","Qd6wsKYaymurI5jNa8kP/wTZEZ8f0oAmv+gqNEyAhss=","2tfKTDN7Xra1HsG2UxRbVzb0T5M80Qja/FR24C81+jo=","EpvOBLA2TZnqHpBmmwbTIY5s2pyuzr34o66eaMldUJ4=","AKOCCViHxsp7RwBur4/04xHBTBkPNCeJokRoiHXcWoA=","k77RMFbJj+EvxdODtYP/4S6PlkjcRGtNi0+LyUTnvOU=","dUbkGRt0pZdOGC67OTAIw947XhvNGl7WxxsDe/Ymi5s=","XJH5m+JjZsSKvwnGHGVO1UfD0JbloB+DSuic+TAN/Cg=","62DZar22IhlWzVoFWO+Fma8Dp08PBGxmQ9IsiYnLEr8=","Tbb2swk2DZiK9ZFLhlfAGG/evUAnz/oUKw5WKtedzAc=","9YOy91kLNWgSVBqRpSS4ZEx8BnwoA8XMvuI+HNvBJYs=","64OmFheAhIwPvQq1MMFG3FU8Xi5g96uzqKaEcd00zzU=","WXTm5+NnPdhEdQoZt9oOECQ2NT+yz4aHgFwSyfuvkMU=","qIJ/1c9GHa5syrDXnOSHmoyAC1zczVlqrrnBH2uLEZ8=","YMS3YOV5HJkCOUtfoe1QVJVrs9+RwWAPqmknsB0qz5k=","5LDzOtBEP5Ib+fUkm2ENj54deBIcJvrv8XQp1tS+7Bc=","oInWcgrcJeGP/rjKhZdkuN7JXG5gycXOToUFWMBnU4k=","UfFPzvrTbNXg6oXHt7zDrhE+NirdxBu9hPUtnykwczQ=","zHQOkK67wL5yjhzvWRAn3+vgNnMbRtnQBdM5nAlxhyc=","ICLVWDYq+gXnnpxi80Zi3509pUc8PFYcmObtJNqlhvc=","DWpUZLzULGmsEdXWR5K4TLJwdsCYCjBigx1dIgQivrw=","elBi+jdq10MoJwQaFNUQPVjfch/Loataa/EAXUFLrkM=","Fyv5Dp3vYzvQB5uC9AuKDMeY+1PZF82qt68vt9wcHYs=","xXc9gYXbl5XBAaZBpiyPKrSOvFP+fnmjtSB5DH2uXx8=","LxUY4KzMz5F4tSqXnfbe8J/Z1vOgMaiCL1Dlx58SorA=","RKIAH6PzqdFLJsTFNdefZJDm/3Xhd6SLV8U5kjdgubk=","mjT5Wf2H74iys7hxIs7GPxtHFn7/TgdjAy29/KYCdvw=","p7vpmhVIYknYXP5acM+VBvjPkCNoH7ZwAIwEeo60NM0=","onEHGj1nn4H1x2v5J30VWI0c+omKNfGhyy2FotRQqyQ=","nxCP9BCSKyDaBPzNdFrSBytr9QGAWWhPZrLQSTVDu2c="],"block_size":4096,"path":"popup_compiled.js"},{"block_hashes":["X+Uv3BsQqo2c+dLjvI8/qk6jAFXNLE2I3JPGEG72mSU=","t7S9Ye/oOeqRDoypQqU0i0e+IkOt5vKmKVyUWVqT2H0=","DdnhOER0hIC+gMEuD3ekN+u7yZB1z4SM3uB9sbD0jD8=","FjP6/Gb+qCJAtrMXHbBfdinoF6wpVDUxsHnQU3fVOsc=","ujiv9eDjnmr3d1sucEiDn3jb4+hE9YyOCSGXrOBADJE=","nvEGZ6B6tL4BdyJpQV2hxSff5hJNnsrgb9GxVIwViTA="],"block_size":4096,"path":"popup_css_compiled.css"}],"version":2}